-- phpMyAdmin SQL Dump
-- version 4.8.5
-- https://www.phpmyadmin.net/
--
-- Servidor: localhost:3306
-- Tiempo de generación: 07-10-2019 a las 02:36:01
-- Versión del servidor: 10.2.27-MariaDB-cll-lve
-- Versión de PHP: 7.2.7

SET SQL_MODE = "NO_AUTO_VALUE_ON_ZERO";
SET AUTOCOMMIT = 0;
START TRANSACTION;
SET time_zone = "+00:00";


/*!40101 SET @OLD_CHARACTER_SET_CLIENT=@@CHARACTER_SET_CLIENT */;
/*!40101 SET @OLD_CHARACTER_SET_RESULTS=@@CHARACTER_SET_RESULTS */;
/*!40101 SET @OLD_COLLATION_CONNECTION=@@COLLATION_CONNECTION */;
/*!40101 SET NAMES utf8mb4 */;

--
-- Base de datos: `cersaorg_aptsanmarcos`
--

-- --------------------------------------------------------

--
-- Estructura de tabla para la tabla `clientes`
--

CREATE TABLE `clientes` (
  `id` int(10) UNSIGNED NOT NULL,
  `estado` char(1) COLLATE utf8mb4_unicode_ci NOT NULL DEFAULT '1' COMMENT '0 desactivado /1 activo',
  `estadocredito` char(1) COLLATE utf8mb4_unicode_ci NOT NULL DEFAULT '0' COMMENT '0 sin credito /1 con credito'
) ENGINE=InnoDB DEFAULT CHARSET=utf8mb4 COLLATE=utf8mb4_unicode_ci;

--
-- Volcado de datos para la tabla `clientes`
--

INSERT INTO `clientes` (`id`, `estado`, `estadocredito`) VALUES
(2, '1', '0'),
(3, '1', '0'),
(4, '1', '0'),
(5, '1', '0'),
(6, '1', '0'),
(7, '1', '0'),
(8, '1', '0'),
(9, '1', '0'),
(10, '1', '0'),
(11, '1', '0'),
(12, '1', '0'),
(13, '1', '0'),
(14, '1', '0'),
(15, '1', '0'),
(16, '1', '0'),
(17, '1', '0'),
(18, '1', '0'),
(19, '1', '0'),
(20, '1', '0'),
(21, '1', '0'),
(22, '1', '0'),
(23, '1', '0'),
(24, '1', '0'),
(25, '1', '0'),
(26, '1', '0'),
(27, '1', '0'),
(28, '1', '0'),
(29, '1', '0'),
(30, '1', '0'),
(31, '1', '0'),
(32, '1', '0'),
(33, '1', '0'),
(34, '1', '0'),
(36, '1', '0'),
(38, '1', '0'),
(39, '1', '0'),
(40, '1', '0'),
(41, '1', '0'),
(42, '1', '0'),
(43, '1', '0'),
(44, '1', '0'),
(46, '1', '0'),
(47, '1', '0'),
(48, '1', '0'),
(49, '1', '0'),
(50, '1', '0'),
(51, '1', '0'),
(53, '1', '1'),
(54, '1', '0'),
(55, '1', '0'),
(56, '1', '0'),
(57, '1', '0'),
(58, '1', '0'),
(59, '1', '0'),
(60, '1', '0'),
(61, '1', '0'),
(62, '1', '0'),
(63, '1', '0'),
(64, '1', '0'),
(65, '1', '0'),
(66, '1', '0'),
(67, '1', '1'),
(68, '1', '1'),
(69, '1', '0'),
(70, '1', '0'),
(71, '1', '0'),
(72, '1', '0'),
(73, '1', '0'),
(74, '1', '1'),
(75, '1', '1'),
(76, '1', '0'),
(77, '1', '0'),
(78, '1', '0'),
(79, '1', '0'),
(80, '1', '0'),
(81, '1', '0'),
(82, '1', '0'),
(83, '1', '0'),
(84, '1', '0'),
(85, '1', '0'),
(86, '1', '0'),
(87, '1', '0'),
(88, '1', '1'),
(89, '1', '1'),
(90, '1', '0'),
(91, '1', '0'),
(92, '1', '0'),
(93, '1', '0'),
(94, '1', '0'),
(95, '1', '0'),
(96, '1', '1'),
(97, '1', '1'),
(98, '1', '1'),
(99, '1', '1'),
(100, '1', '1'),
(101, '1', '1'),
(102, '1', '1'),
(103, '1', '0'),
(104, '1', '1'),
(105, '1', '1'),
(106, '1', '1'),
(107, '1', '1'),
(108, '1', '1'),
(109, '1', '1'),
(110, '1', '1'),
(111, '1', '1'),
(112, '1', '1'),
(113, '1', '1'),
(114, '1', '1'),
(115, '1', '1'),
(116, '1', '0'),
(117, '1', '1'),
(118, '1', '1');

-- --------------------------------------------------------

--
-- Estructura de tabla para la tabla `creditos`
--

CREATE TABLE `creditos` (
  `id` int(10) UNSIGNED NOT NULL,
  `idcliente` int(10) UNSIGNED NOT NULL,
  `idusuario` int(10) UNSIGNED NOT NULL DEFAULT 1,
  `numeroprestamo` varchar(12) COLLATE utf8mb4_unicode_ci NOT NULL,
  `idkiva` varchar(10) COLLATE utf8mb4_unicode_ci NOT NULL,
  `montodesembolsado` decimal(10,2) NOT NULL,
  `fechadesembolso` date NOT NULL,
  `fechakiva` date DEFAULT NULL,
  `numerocuotas` int(11) NOT NULL,
  `tipocambio` decimal(7,6) NOT NULL,
  `tasa` decimal(4,2) NOT NULL,
  `estado` char(1) COLLATE utf8mb4_unicode_ci NOT NULL COMMENT '0 credito desactivado/ 1credito activado/2 credito cancelado',
  `periodo` char(2) COLLATE utf8mb4_unicode_ci NOT NULL COMMENT '1 mesnual/2 bimensula/3 trimestral/6 semestral /12 anual',
  `created_at` timestamp NULL DEFAULT NULL,
  `updated_at` timestamp NULL DEFAULT NULL,
  `mora` varchar(2) COLLATE utf8mb4_unicode_ci NOT NULL DEFAULT '0' COMMENT '0 no mora, 1si mora'
) ENGINE=InnoDB DEFAULT CHARSET=utf8mb4 COLLATE=utf8mb4_unicode_ci;

--
-- Volcado de datos para la tabla `creditos`
--

INSERT INTO `creditos` (`id`, `idcliente`, `idusuario`, `numeroprestamo`, `idkiva`, `montodesembolsado`, `fechadesembolso`, `fechakiva`, `numerocuotas`, `tipocambio`, `tasa`, `estado`, `periodo`, `created_at`, `updated_at`, `mora`) VALUES
(1, 2, 1, 'SM20150001', '847553', '1700.00', '2015-05-25', NULL, 12, '3.150000', '11.00', '2', '1', NULL, NULL, '0'),
(2, 3, 1, 'SM20150002', '847562', '1700.00', '2015-05-25', NULL, 12, '3.150000', '11.00', '2', '1', NULL, NULL, '0'),
(3, 4, 1, 'SM20150003', '847598', '1700.00', '2015-05-25', NULL, 12, '3.150000', '11.00', '2', '1', NULL, NULL, '0'),
(4, 5, 1, 'SM20150004', '848188', '1500.00', '2015-05-25', NULL, 12, '3.150000', '11.00', '2', '1', NULL, NULL, '0'),
(5, 6, 1, 'SM20150005', '854622', '1000.00', '2015-05-25', NULL, 12, '3.150000', '11.00', '2', '1', NULL, NULL, '0'),
(6, 7, 1, 'SM20150006', '863259', '1350.00', '2015-04-29', NULL, 12, '3.110000', '11.00', '2', '1', NULL, NULL, '0'),
(7, 8, 1, 'SM20150007', '867376', '1700.00', '2015-05-18', NULL, 1, '3.145000', '11.00', '2', '12', NULL, NULL, '0'),
(8, 9, 1, 'SM20150008', '867397', '670.00', '2015-05-18', NULL, 1, '3.145000', '11.00', '2', '12', NULL, NULL, '0'),
(9, 10, 1, 'SM20150009', '867400', '1700.00', '2015-05-18', NULL, 1, '3.145000', '11.00', '2', '12', NULL, NULL, '0'),
(10, 11, 1, 'SM20150010', '867408', '1700.00', '2015-05-18', NULL, 1, '3.145000', '11.00', '2', '12', NULL, NULL, '0'),
(11, 12, 1, 'SM20150011', '867410', '1700.00', '2015-05-18', NULL, 1, '3.145000', '11.00', '2', '12', NULL, NULL, '0'),
(12, 13, 1, 'SM20150012', '870755', '1700.00', '2015-05-27', NULL, 1, '3.150000', '11.00', '2', '12', NULL, NULL, '0'),
(13, 14, 1, 'SM20150013', '870827', '1700.00', '2015-05-27', NULL, 1, '3.150000', '11.00', '2', '12', NULL, NULL, '0'),
(14, 15, 1, 'SM20150015', '922699', '1700.00', '2015-09-24', NULL, 1, '3.210000', '11.00', '2', '12', NULL, NULL, '0'),
(15, 16, 1, 'SM20150016', '9227111', '1700.00', '2015-09-24', NULL, 1, '3.210000', '11.00', '2', '12', NULL, NULL, '0'),
(16, 17, 1, 'SM20150017', '939447', '1700.00', '2015-09-28', NULL, 1, '3.220000', '11.00', '2', '12', NULL, NULL, '0'),
(17, 18, 1, 'SM20150018', '939510', '1700.00', '2015-09-28', NULL, 1, '3.220000', '11.00', '2', '12', NULL, NULL, '0'),
(18, 19, 1, 'SM20150019', '939474', '1700.00', '2015-12-22', NULL, 1, '3.378900', '11.00', '4', '12', NULL, NULL, '0'),
(19, 20, 1, 'SM20150021', '939571', '1700.00', '2015-09-28', NULL, 1, '3.220000', '11.00', '2', '12', NULL, NULL, '0'),
(20, 21, 1, 'SM20150022', '958189', '1700.00', '2015-12-18', NULL, 1, '3.382000', '11.00', '2', '12', NULL, NULL, '0'),
(21, 22, 1, 'SM20150023', '965524', '1700.00', '2015-12-28', NULL, 1, '3.382000', '11.00', '2', '12', NULL, NULL, '0'),
(22, 23, 1, 'SM20150024', '965530', '1700.00', '2015-12-28', NULL, 1, '3.382000', '11.00', '2', '12', NULL, NULL, '0'),
(23, 24, 1, 'SM20150025', '966033', '1700.00', '2015-12-28', NULL, 1, '3.382000', '11.00', '2', '12', NULL, NULL, '0'),
(24, 25, 1, 'SM20150026', '966055', '1700.00', '2015-12-28', NULL, 1, '3.382000', '11.00', '2', '12', NULL, NULL, '0'),
(25, 26, 1, 'SM20150027', '979589', '1700.00', '2016-01-16', NULL, 1, '3.382000', '11.00', '2', '12', NULL, NULL, '0'),
(26, 27, 1, 'SM20150028', '979602', '1700.00', '2016-01-16', NULL, 1, '3.382000', '11.00', '2', '12', NULL, NULL, '0'),
(27, 28, 1, 'SM20150029', '984466', '1700.00', '2016-01-26', NULL, 1, '3.500000', '11.00', '2', '12', NULL, NULL, '0'),
(28, 29, 1, 'SM20150030', '996090', '1700.00', '2015-12-28', NULL, 1, '3.378900', '11.00', '2', '12', NULL, NULL, '0'),
(29, 30, 1, 'SM2016001', '1005282', '1700.00', '2016-02-19', NULL, 1, '3.500000', '11.00', '2', '12', NULL, NULL, '0'),
(30, 2, 1, 'SM2016002', '1005285', '1700.00', '2016-02-22', NULL, 1, '3.500000', '11.00', '2', '12', NULL, NULL, '0'),
(31, 31, 1, 'SM2016003', '1010036', '1700.00', '2016-03-07', NULL, 1, '3.500000', '11.00', '2', '12', NULL, NULL, '0'),
(32, 32, 1, 'SM2016004', '1010056', '1700.00', '2016-03-07', NULL, 1, '3.500000', '11.00', '2', '12', NULL, NULL, '0'),
(33, 33, 1, 'SM2016005', '1010501', '1700.00', '2016-03-08', NULL, 2, '3.500000', '11.00', '2', '6', NULL, NULL, '0'),
(34, 34, 1, 'SM2016006', '1047836', '1700.00', '2016-05-20', NULL, 1, '3.254000', '11.00', '2', '12', NULL, NULL, '0'),
(35, 36, 1, 'SM2016007', '1047849', '1700.00', '2016-05-20', NULL, 1, '3.292000', '11.00', '2', '12', NULL, NULL, '0'),
(36, 40, 1, 'SM2016008', '1054563', '1700.00', '2016-05-30', NULL, 1, '3.359000', '11.00', '2', '12', NULL, NULL, '0'),
(37, 38, 1, 'SM2016010', '1054569', '1700.00', '2016-05-30', NULL, 1, '3.359000', '11.00', '2', '12', NULL, NULL, '0'),
(38, 41, 1, 'SM2016013', '1055014', '1700.00', '2016-06-14', NULL, 1, '3.331000', '11.00', '2', '12', NULL, NULL, '0'),
(39, 42, 1, 'SM2016014', '1102620', '1000.00', '2016-07-26', NULL, 1, '3.280000', '11.00', '2', '12', NULL, NULL, '0'),
(40, 44, 1, 'SM2016015', '1102624', '1700.00', '2016-07-26', NULL, 1, '3.320000', '11.00', '2', '12', NULL, NULL, '0'),
(41, 43, 1, 'SM2016016', '1102676', '1700.00', '2016-07-26', NULL, 1, '3.320000', '11.00', '2', '12', NULL, NULL, '0'),
(42, 10, 1, 'SM2016017', '1111954', '1700.00', '2016-08-12', NULL, 1, '3.318000', '11.00', '2', '12', NULL, NULL, '0'),
(43, 46, 1, 'SM2016018', '1116528', '1700.00', '2016-09-20', NULL, 1, '3.300000', '11.00', '2', '12', NULL, NULL, '0'),
(44, 47, 1, 'SM2016019', '1133361', '425.00', '2016-09-26', NULL, 1, '3.294000', '11.00', '2', '12', NULL, NULL, '0'),
(45, 48, 1, 'SM2016020', '1148517', '1700.00', '2016-10-11', NULL, 1, '3.380000', '11.00', '2', '12', NULL, NULL, '0'),
(46, 50, 1, 'SM2016021', '1148518', '1700.00', '2016-10-11', NULL, 1, '3.380000', '11.00', '2', '12', NULL, NULL, '0'),
(47, 49, 1, 'SM2016022', '1148519', '1700.00', '2016-10-11', NULL, 1, '3.380000', '11.00', '2', '12', NULL, NULL, '0'),
(48, 51, 1, 'SM2016023', '1148534', '1200.00', '2016-10-11', NULL, 1, '3.380000', '11.00', '2', '12', NULL, NULL, '0'),
(49, 54, 1, 'SM2016024', '1153129', '1700.00', '2016-11-12', NULL, 1, '3.360000', '11.00', '2', '12', NULL, NULL, '0'),
(50, 53, 1, 'SM2016025', '1153131', '1700.00', '2016-11-03', NULL, 1, '3.360000', '3.36', '1', '12', NULL, '2019-10-07 06:57:59', '1'),
(51, 56, 1, 'SM2016027', '1197231', '1700.00', '2017-01-09', NULL, 1, '3.380000', '11.00', '2', '12', NULL, NULL, '0'),
(52, 57, 1, 'SM2016028', '1197230', '1700.00', '2017-01-09', NULL, 1, '3.380000', '11.00', '2', '12', NULL, NULL, '0'),
(53, 55, 1, 'SM2016029', '1199465', '1700.00', '2016-01-12', NULL, 1, '3.400000', '11.00', '2', '12', NULL, NULL, '0'),
(54, 58, 1, 'SM2016030', '1208413', '1700.00', '2017-01-16', NULL, 1, '3.360000', '11.00', '2', '12', NULL, NULL, '0'),
(55, 59, 1, 'SM2017003', '1223360', '5525.00', '2017-02-22', NULL, 1, '3.250000', '11.00', '2', '12', NULL, NULL, '0'),
(56, 17, 1, 'SM2017002', '46077136', '1700.00', '2017-02-17', NULL, 1, '3.250000', '11.00', '2', '12', NULL, NULL, '0'),
(57, 16, 1, 'SM2017001', '1217667', '625.00', '2017-02-13', NULL, 1, '3.250000', '11.00', '2', '12', NULL, NULL, '0'),
(58, 60, 1, 'SM2017004', '1229318', '1700.00', '2017-03-03', NULL, 1, '3.250000', '11.00', '2', '12', NULL, NULL, '0'),
(59, 14, 1, 'SM2017005', '1251545', '850.00', '2017-04-10', NULL, 1, '3.260000', '11.00', '2', '12', NULL, NULL, '0'),
(60, 4, 1, 'SM2017007', '1288147', '1700.00', '2017-05-29', NULL, 1, '3.290000', '11.00', '2', '12', NULL, NULL, '0'),
(61, 61, 1, 'SM2017008', '1288152', '1700.00', '2017-05-29', NULL, 1, '3.290000', '11.00', '2', '12', NULL, NULL, '0'),
(62, 62, 1, 'SM2017006', '1286930', '1700.00', '2017-05-29', NULL, 1, '3.290000', '11.00', '2', '12', NULL, NULL, '0'),
(63, 63, 1, 'SM2017009', '1288154', '1700.00', '2017-05-29', NULL, 1, '3.280000', '11.00', '2', '12', NULL, NULL, '0'),
(64, 64, 1, 'SM2017010', '1294265', '1700.00', '2017-06-12', NULL, 1, '3.280000', '11.00', '2', '12', NULL, NULL, '0'),
(65, 66, 1, 'SM2017011', '1304732', '1700.00', '2017-06-22', NULL, 1, '3.280000', '11.00', '2', '12', NULL, NULL, '0'),
(66, 65, 1, 'SM2017012', '1309277', '1700.00', '2017-06-30', NULL, 1, '3.280000', '11.00', '2', '12', NULL, NULL, '0'),
(67, 26, 1, 'SM2017013', '1309284', '1700.00', '2017-06-30', NULL, 1, '3.270000', '11.00', '2', '12', NULL, NULL, '0'),
(68, 67, 1, 'SM2017020', '1334074', '1700.00', '2017-08-04', NULL, 1, '3.240000', '11.00', '1', '12', NULL, '2019-10-07 06:03:58', '1'),
(69, 3, 1, 'SM2017015', '1309337', '1700.00', '2017-06-30', NULL, 1, '3.240000', '11.00', '2', '12', NULL, NULL, '0'),
(70, 68, 1, 'SM2017016', '1326059', '1700.00', '2017-07-26', NULL, 1, '3.240000', '11.00', '1', '12', NULL, '2019-10-07 06:03:58', '1'),
(71, 70, 1, 'SM2017019', '1334068', '1000.00', '2017-08-04', NULL, 1, '3.240000', '11.00', '2', '12', NULL, NULL, '0'),
(72, 71, 1, 'SM2017021', '0000001', '1700.00', '2017-10-02', NULL, 1, '3.250000', '11.00', '2', '12', NULL, NULL, '0'),
(73, 8, 1, 'SM2017022', '1369875', '1700.00', '2017-10-04', NULL, 1, '3.270000', '11.00', '2', '12', NULL, NULL, '0'),
(74, 5, 1, 'SM2017023', '1369883', '1700.00', '2017-10-04', NULL, 1, '3.270000', '11.00', '2', '12', NULL, NULL, '0'),
(75, 2, 1, 'SM2017024', '1370638', '1700.00', '2017-10-06', NULL, 1, '3.270000', '11.00', '2', '12', NULL, NULL, '0'),
(76, 42, 1, 'SM2017027', '1371989', '1700.00', '2017-10-13', NULL, 1, '3.240000', '11.00', '2', '12', NULL, NULL, '0'),
(77, 72, 1, 'SM2017026', '1371981', '1700.00', '2017-10-13', NULL, 1, '3.240000', '11.00', '2', '12', NULL, NULL, '0'),
(78, 73, 1, 'SM2017025', '1371973', '1700.00', '2017-10-09', NULL, 1, '3.240000', '11.00', '2', '12', NULL, NULL, '0'),
(79, 36, 1, 'SM2017033', '1374528', '2500.00', '2017-10-18', NULL, 1, '3.240000', '11.00', '2', '12', NULL, NULL, '0'),
(80, 74, 1, 'SM2017043', '1386759', '1700.00', '2017-11-02', NULL, 1, '3.240000', '11.00', '1', '12', NULL, '2019-10-07 06:03:58', '1'),
(81, 75, 1, 'SM2017042', '1386754', '1700.00', '2017-11-02', NULL, 1, '3.240000', '11.00', '1', '12', NULL, '2019-10-07 06:03:58', '1'),
(82, 50, 1, 'SM2017046', '1398132', '2500.00', '2017-11-20', NULL, 1, '3.240000', '11.00', '2', '12', NULL, NULL, '0'),
(83, 48, 1, 'SM2017048', '1403311', '2500.00', '2017-12-04', NULL, 1, '3.240000', '11.00', '2', '12', NULL, NULL, '0'),
(84, 10, 1, 'SM2017032', '1374522', '1700.00', '2017-10-18', NULL, 1, '3.240000', '11.00', '2', '12', NULL, NULL, '0'),
(85, 76, 1, 'SM2017034', '1376086', '1700.00', '2017-10-20', NULL, 1, '3.240000', '11.00', '2', '12', NULL, NULL, '0'),
(86, 13, 1, 'SM2017038', '1382615', '1700.00', '2017-10-24', NULL, 1, '3.240000', '11.00', '2', '12', NULL, NULL, '0'),
(87, 77, 1, 'SM2017047', '1402202', '1700.00', '2017-12-04', NULL, 1, '3.240000', '11.00', '2', '12', NULL, NULL, '0'),
(88, 20, 1, 'SM2017030', '1372840', '2500.00', '2017-10-14', NULL, 1, '3.240000', '11.00', '2', '12', NULL, NULL, '0'),
(89, 78, 1, 'SM2017041', '1384855', '1700.00', '2017-10-30', NULL, 1, '3.240000', '11.00', '2', '12', NULL, NULL, '0'),
(90, 79, 1, 'SM2017040', '1382622', '1700.00', '2017-10-24', NULL, 1, '3.240000', '11.00', '2', '12', NULL, NULL, '0'),
(91, 80, 1, 'SM2017037', '1382149', '1700.00', '2017-10-24', NULL, 12, '3.240000', '11.00', '2', '1', NULL, NULL, '0'),
(92, 9, 1, 'SM2017039', '1382618', '2500.00', '2017-10-24', NULL, 1, '3.240000', '11.00', '2', '12', NULL, NULL, '0'),
(93, 6, 1, 'SM2017031', '1372849', '1700.00', '2017-10-16', NULL, 1, '3.240000', '11.00', '1', '12', NULL, '2019-10-07 06:03:58', '1'),
(94, 30, 1, 'SM2017044', '1386874', '2500.00', '2017-11-02', NULL, 1, '3.240000', '11.00', '2', '12', NULL, NULL, '0'),
(95, 81, 1, 'SM2017036', '1379354', '1700.00', '2017-10-21', NULL, 1, '3.240000', '11.00', '2', '12', NULL, NULL, '0'),
(96, 82, 1, 'SM2017029', '1371998', '1700.00', '2017-10-13', NULL, 1, '3.240000', '11.00', '2', '12', NULL, NULL, '0'),
(97, 83, 1, 'SM2017035', '1376088', '1700.00', '2017-10-20', NULL, 1, '3.240000', '11.00', '2', '12', NULL, NULL, '0'),
(98, 51, 1, 'SM2017052', '1419318', '2500.00', '2018-01-03', NULL, 1, '3.230000', '11.00', '2', '12', NULL, NULL, '0'),
(99, 84, 1, 'SM2017051', '1419307', '1700.00', '2018-01-03', NULL, 1, '3.240000', '11.00', '2', '12', NULL, NULL, '0'),
(100, 85, 1, 'SM2017053', '0000000', '2500.00', '2018-01-03', NULL, 1, '3.240000', '11.00', '2', '12', NULL, NULL, '0'),
(101, 86, 1, 'SM2018001', '1451101', '2500.00', '2018-02-15', NULL, 4, '3.220000', '13.00', '2', '3', NULL, NULL, '0'),
(102, 18, 1, 'SM2018002', '1451197', '1700.00', '2018-02-15', NULL, 4, '3.220000', '13.00', '2', '3', NULL, NULL, '0'),
(103, 56, 1, 'SM2018004', '1456972', '1700.00', '2018-02-26', NULL, 4, '3.250000', '13.00', '2', '3', NULL, NULL, '0'),
(104, 58, 1, 'SM2018006', '1472922', '2500.00', '2018-03-22', NULL, 4, '3.250000', '13.00', '2', '3', NULL, NULL, '0'),
(105, 11, 1, 'SM2018005', '1471909', '2500.00', '2018-03-15', NULL, 4, '3.250000', '13.00', '2', '3', NULL, NULL, '0'),
(106, 55, 1, 'SM2018007', '1480663', '2500.00', '2018-04-06', NULL, 4, '3.250000', '13.00', '2', '3', NULL, NULL, '0'),
(107, 87, 1, 'SM2018008', '1487664', '1700.00', '2018-04-16', NULL, 4, '3.250000', '13.00', '2', '3', NULL, NULL, '0'),
(108, 59, 1, 'SM2018009', '1369865', '2500.00', '2018-04-27', NULL, 4, '3.230000', '13.00', '2', '3', NULL, NULL, '0'),
(109, 88, 1, 'SM2018010', '1493374', '1700.00', '2018-04-27', NULL, 4, '3.230000', '13.00', '1', '6', NULL, '2019-10-07 06:03:58', '1'),
(110, 89, 1, 'SM2018012', '1498585', '1700.00', '2018-05-07', NULL, 4, '3.270000', '13.00', '1', '6', NULL, '2019-10-07 06:03:59', '1'),
(111, 69, 1, 'SM2017014', '1309290', '1700.00', '2017-06-30', NULL, 1, '9.999999', '3.24', '2', '12', NULL, NULL, '0'),
(112, 90, 1, 'SM2018011', '1497483', '1700.00', '2018-05-04', NULL, 4, '3.270000', '13.00', '2', '3', NULL, NULL, '0'),
(113, 91, 1, 'SM2018015', '1517364', '1700.00', '2018-05-30', NULL, 4, '3.270000', '13.00', '2', '3', NULL, NULL, '0'),
(114, 4, 1, 'SM2018019', '1536936', '2500.00', '2018-06-27', NULL, 2, '3.280000', '13.00', '2', '6', NULL, NULL, '0'),
(115, 3, 1, 'SM2018018', '1528560', '2500.00', '2018-06-16', NULL, 1, '3.280000', '13.00', '2', '12', NULL, NULL, '0'),
(116, 65, 1, 'SM2018022', '1544042', '2500.00', '2018-07-06', NULL, 1, '3.280000', '13.00', '1', '12', NULL, '2019-10-07 06:03:59', '1'),
(117, 62, 1, 'SM2018020', '1539092', '2500.00', '2018-06-30', NULL, 1, '3.280000', '13.00', '2', '12', NULL, NULL, '0'),
(118, 26, 1, 'SM2018021', '1544039', '2500.00', '2018-07-06', NULL, 2, '3.280000', '13.00', '1', '6', NULL, '2019-10-07 06:03:59', '1'),
(119, 58, 1, 'SM2018023', '1551903', '2500.00', '2018-07-20', NULL, 1, '3.280000', '13.00', '1', '12', NULL, '2019-10-07 06:03:59', '1'),
(120, 92, 1, 'SM2018028', '1568001', '1700.00', '2018-08-15', NULL, 2, '3.270000', '13.00', '2', '6', NULL, NULL, '0'),
(121, 93, 1, 'SM2018027', '1567999', '1700.00', '2018-08-15', NULL, 2, '3.270000', '13.00', '2', '6', NULL, NULL, '0'),
(122, 94, 1, 'SM2018025', '1563942', '1700.00', '2018-08-09', NULL, 1, '3.270000', '13.00', '2', '12', NULL, NULL, '0'),
(123, 95, 1, 'SM2018026', '1566321', '1220.00', '2018-08-13', NULL, 4, '3.280000', '13.00', '2', '3', NULL, NULL, '0'),
(124, 21, 1, 'SM2018029', '1583771', '2500.00', '2018-09-10', NULL, 2, '3.290000', '13.00', '1', '6', NULL, '2019-10-07 06:03:59', '1'),
(125, 96, 1, 'SM2018030', '1594245', '1700.00', '2018-09-26', NULL, 2, '3.290000', '13.00', '1', '6', NULL, '2019-10-07 06:03:59', '1'),
(126, 97, 1, 'SM2018033', '1599503', '2500.00', '2018-10-05', NULL, 1, '3.320000', '13.00', '1', '12', NULL, '2019-10-07 06:03:59', '1'),
(127, 98, 1, 'SM2018034', '1600202', '1070.00', '2018-10-06', NULL, 2, '3.280000', '13.00', '1', '6', NULL, '2019-10-07 06:03:59', '1'),
(128, 99, 1, 'SM2018036', '1607023', '1700.00', '2018-10-16', NULL, 2, '3.330000', '13.00', '1', '6', NULL, NULL, '0'),
(129, 100, 1, 'SM2018031', '1599500', '2500.00', '2018-10-05', NULL, 1, '3.290000', '13.00', '1', '12', NULL, '2019-10-07 06:03:59', '1'),
(130, 101, 1, 'SM2018032', '1599501', '2500.00', '2018-10-05', NULL, 1, '3.290000', '13.00', '1', '12', NULL, '2019-10-07 06:03:59', '1'),
(131, 102, 1, 'SM2018035', '1602399', '2500.00', '2018-10-10', NULL, 1, '3.300000', '13.00', '1', '12', NULL, NULL, '0'),
(132, 103, 1, 'SM2017028', '1371994', '1700.00', '2017-10-13', NULL, 1, '3.240000', '11.00', '2', '12', NULL, NULL, '0'),
(133, 104, 1, 'SM2018037', '1607027', '2500.00', '2018-10-16', NULL, 1, '3.330000', '13.00', '1', '12', NULL, NULL, '0'),
(134, 105, 1, 'SM2018038', '1609376', '2500.00', '2018-10-20', NULL, 1, '3.330000', '13.00', '1', '12', NULL, NULL, '0'),
(135, 106, 1, 'SM2018039', '1609377', '2500.00', '2018-10-20', NULL, 1, '3.330000', '13.00', '1', '12', NULL, NULL, '0'),
(136, 107, 1, 'SM2018042', '1614033', '2500.00', '2018-10-27', NULL, 1, '3.330000', '13.00', '1', '12', NULL, NULL, '0'),
(137, 108, 1, 'SM2018043', '1614035', '2500.00', '2018-10-27', NULL, 1, '3.330000', '13.00', '1', '12', NULL, NULL, '0'),
(138, 8, 1, 'SM2018044', '1619559', '2500.00', '2018-11-05', NULL, 1, '3.290000', '13.00', '1', '12', NULL, NULL, '0'),
(139, 57, 1, 'SM2018051', '1630228', '2500.00', '2018-11-22', NULL, 1, '3.350000', '13.00', '1', '12', NULL, NULL, '0'),
(140, 109, 1, 'SM2018049', '1626287', '2500.00', '2018-11-13', NULL, 1, '3.320000', '13.00', '1', '12', NULL, NULL, '0'),
(141, 42, 1, 'SM2018053', '1645011', '2500.00', '2018-11-25', NULL, 1, '3.330000', '13.00', '1', '12', NULL, NULL, '0'),
(142, 61, 1, 'SM2018050', '1630223', '2500.00', '2018-11-13', NULL, 4, '3.320000', '13.00', '1', '3', NULL, NULL, '0'),
(143, 72, 1, 'SM2018052', '1645009', '2500.00', '2018-11-21', NULL, 1, '3.350000', '13.00', '1', '12', NULL, NULL, '0'),
(144, 110, 1, 'SM2018046', '1623584', '1051.00', '2018-11-09', NULL, 1, '3.330000', '13.00', '1', '12', NULL, NULL, '0'),
(145, 111, 1, 'SM2018048', '1623594', '1700.00', '2018-11-12', NULL, 2, '3.320000', '13.00', '1', '6', NULL, NULL, '0'),
(146, 78, 1, 'SM2018056', '1650874', '2500.00', '2018-12-24', NULL, 1, '3.330000', '13.00', '1', '12', NULL, NULL, '0'),
(147, 112, 1, 'SM2018055', '1650868', '451.00', '2018-12-24', NULL, 1, '3.330000', '13.00', '1', '12', NULL, NULL, '0'),
(148, 50, 1, 'SM2018058', '1653939', '2500.00', '2018-12-26', NULL, 1, '3.380000', '13.00', '1', '12', NULL, NULL, '0'),
(149, 48, 1, 'SM2018060', '1665120', '2500.00', '2019-01-13', NULL, 1, '3.370000', '13.00', '1', '12', NULL, NULL, '0'),
(150, 103, 1, 'SM2018057', '1653912', '2500.00', '2018-12-24', NULL, 1, '3.370000', '13.00', '1', '12', NULL, NULL, '0'),
(151, 9, 1, 'SM2018065', '1671623', '2500.00', '2019-01-22', NULL, 1, '3.350000', '13.00', '1', '12', NULL, NULL, '0'),
(152, 83, 1, 'SM2018059', '1658790', '2500.00', '2019-01-02', NULL, 1, '3.370000', '13.00', '1', '12', NULL, NULL, '0'),
(153, 2, 1, 'SM2018062', '1665131', '2500.00', '2019-01-13', NULL, 1, '3.370000', '13.00', '1', '12', NULL, NULL, '0'),
(154, 86, 1, 'SM2018069', '1676874', '2500.00', '2019-02-04', NULL, 1, '3.370000', '13.00', '1', '12', NULL, NULL, '0'),
(155, 17, 1, 'SM2018016', '1517357', '2500.00', '2018-05-30', NULL, 4, '3.300000', '13.00', '2', '3', NULL, NULL, '0'),
(156, 113, 1, 'SM2018068', '1676868', '893.00', '2019-02-04', NULL, 4, '3.360000', '13.00', '1', '3', NULL, '2019-10-07 06:03:59', '1'),
(157, 18, 1, 'SM2019010', '1713274', '1700.00', '2019-03-20', NULL, 1, '3.340000', '13.00', '1', '12', NULL, NULL, '0'),
(158, 114, 1, 'SM2018067', '1676856', '597.00', '2019-02-04', NULL, 2, '3.370000', '13.00', '1', '6', NULL, NULL, '0'),
(159, 115, 1, 'SM2019002', '1688709', '2500.00', '2019-02-18', NULL, 4, '3.350000', '13.00', '1', '3', NULL, '2019-10-07 06:03:59', '1'),
(160, 77, 1, 'SM2018064', '1668401', '1700.00', '2019-01-21', NULL, 1, '3.370000', '13.00', '1', '12', NULL, NULL, '0'),
(161, 30, 1, 'SM2018061', '1665128', '2500.00', '2019-01-13', NULL, 1, '3.370000', '13.00', '1', '12', NULL, NULL, '0'),
(162, 19, 1, 'SM2019001', '1688049', '749.00', '2019-02-13', NULL, 2, '3.340000', '13.00', '1', '6', NULL, '2019-10-07 06:03:59', '1'),
(163, 116, 1, 'SM2018063', '1668396', '891.00', '2019-01-21', NULL, 4, '3.370000', '13.00', '2', '3', NULL, NULL, '0'),
(164, 5, 1, 'SM2018047', '1623587', '2500.00', '2018-11-12', NULL, 1, '3.330000', '13.00', '1', '12', NULL, NULL, '0'),
(165, 84, 1, 'SM2019004', '1697352', '1700.00', '2019-03-04', NULL, 2, '3.330000', '13.00', '1', '6', NULL, '2019-10-07 06:03:59', '1'),
(166, 14, 1, 'SM2018013', '1508169', '620.00', '2018-05-17', NULL, 4, '3.270000', '13.00', '2', '3', NULL, NULL, '0'),
(167, 117, 1, 'SM2018066', '47611238', '1700.00', '2019-01-29', NULL, 1, '3.350000', '13.00', '1', '12', NULL, NULL, '0'),
(168, 71, 1, 'SM2019011', '1753529', '2500.00', '2019-06-03', NULL, 1, '3.320000', '13.00', '2', '12', NULL, NULL, '0'),
(169, 33, 1, 'SM2019009', '1707018', '2500.00', '2019-03-18', NULL, 1, '3.340000', '13.00', '1', '12', NULL, NULL, '0'),
(170, 56, 1, 'SM2019006', '1704649', '1700.00', '2019-03-15', NULL, 1, '3.320000', '13.00', '1', '12', NULL, NULL, '0'),
(171, 51, 1, 'SM2019007', '1704646', '2500.00', '2019-03-15', NULL, 4, '3.330000', '13.00', '1', '3', NULL, NULL, '0'),
(172, 13, 1, 'SM2019005', '1697356', '2500.00', '2019-03-04', NULL, 1, '3.340000', '13.00', '1', '12', NULL, NULL, '0'),
(173, 20, 1, 'SM2019012', '1774728', '2500.00', '2019-07-08', NULL, 1, '3.360000', '13.00', '1', '12', NULL, NULL, '0'),
(174, 62, 1, 'SM20190013', '1789294', '2500.00', '2019-08-09', NULL, 1, '3.300000', '13.00', '1', '12', NULL, NULL, '0'),
(175, 118, 1, 'SM2019015', '1789302', '2500.00', '2019-08-09', NULL, 1, '3.300000', '13.00', '1', '12', NULL, NULL, '0'),
(176, 91, 1, 'SM2019014', '1789300', '2500.00', '2019-08-09', NULL, 2, '3.300000', '13.00', '1', '6', NULL, NULL, '0');

--
-- Disparadores `creditos`
--
DELIMITER $$
CREATE TRIGGER `actualizarcredito` AFTER UPDATE ON `creditos` FOR EACH ROW INSERT INTO creditos_bitacora(idcredito,idcliente_n,idcliente_v,idusuario_n,idusuario_v,numeroprestamo_n,numeroprestamo_v,idkiva_n,idkiva_v,estado_n,estado_v,condicion)
VALUES(old.id,NEW.idcliente,old.idcliente,NEW.idusuario,old.idusuario,NEW.numeroprestamo,old.numeroprestamo,NEW.idkiva,old.idkiva,NEW.estado,old.estado,'CREDITO ACTUALIZADO')
$$
DELIMITER ;
DELIMITER $$
CREATE TRIGGER `insertarcredito` AFTER INSERT ON `creditos` FOR EACH ROW INSERT INTO creditos_bitacora(idcredito,idcliente_n,idusuario_n,numeroprestamo_n,idkiva_n,estado_n,estado_v,condicion)
VALUES(NEW.id,NEW.idcliente,NEW.idusuario,NEW.numeroprestamo,NEW.idkiva,NEW.estado,NEW.estado,'NUEVO CREDITO')
$$
DELIMITER ;

-- --------------------------------------------------------

--
-- Estructura de tabla para la tabla `creditos_bitacora`
--

CREATE TABLE `creditos_bitacora` (
  `id` int(10) UNSIGNED NOT NULL,
  `idcredito` int(10) UNSIGNED NOT NULL,
  `idcliente_n` int(10) NOT NULL,
  `idcliente_v` int(10) NOT NULL,
  `idusuario_n` int(10) NOT NULL,
  `idusuario_v` int(10) NOT NULL,
  `numeroprestamo_n` varchar(12) COLLATE utf8mb4_unicode_ci NOT NULL,
  `numeroprestamo_v` varchar(12) COLLATE utf8mb4_unicode_ci NOT NULL,
  `idkiva_n` varchar(10) COLLATE utf8mb4_unicode_ci NOT NULL,
  `idkiva_v` varchar(10) COLLATE utf8mb4_unicode_ci NOT NULL,
  `fechakiva_n` date NOT NULL,
  `fechakiva_v` date NOT NULL,
  `estado_n` char(1) COLLATE utf8mb4_unicode_ci NOT NULL COMMENT '0 credito desactivado/ 1credito activado/2 credito cancelado',
  `estado_v` char(1) COLLATE utf8mb4_unicode_ci NOT NULL COMMENT '0 credito desactivado/ 1credito activado/2 credito cancelado',
  `condicion` varchar(20) COLLATE utf8mb4_unicode_ci NOT NULL,
  `fechacambio` timestamp NULL DEFAULT current_timestamp()
) ENGINE=InnoDB DEFAULT CHARSET=utf8mb4 COLLATE=utf8mb4_unicode_ci;

--
-- Volcado de datos para la tabla `creditos_bitacora`
--

INSERT INTO `creditos_bitacora` (`id`, `idcredito`, `idcliente_n`, `idcliente_v`, `idusuario_n`, `idusuario_v`, `numeroprestamo_n`, `numeroprestamo_v`, `idkiva_n`, `idkiva_v`, `fechakiva_n`, `fechakiva_v`, `estado_n`, `estado_v`, `condicion`, `fechacambio`) VALUES
(306, 1, 2, 0, 1, 0, 'SM20150001', '', '847553', '', '0000-00-00', '0000-00-00', '2', '2', 'NUEVO CREDITO', '2019-10-06 18:46:51'),
(307, 2, 3, 0, 1, 0, 'SM20150002', '', '847562', '', '0000-00-00', '0000-00-00', '2', '2', 'NUEVO CREDITO', '2019-10-06 18:46:51'),
(308, 3, 4, 0, 1, 0, 'SM20150003', '', '847598', '', '0000-00-00', '0000-00-00', '2', '2', 'NUEVO CREDITO', '2019-10-06 18:46:51'),
(309, 4, 5, 0, 1, 0, 'SM20150004', '', '848188', '', '0000-00-00', '0000-00-00', '2', '2', 'NUEVO CREDITO', '2019-10-06 18:46:51'),
(310, 5, 6, 0, 1, 0, 'SM20150005', '', '854622', '', '0000-00-00', '0000-00-00', '2', '2', 'NUEVO CREDITO', '2019-10-06 18:46:51'),
(311, 6, 7, 0, 1, 0, 'SM20150006', '', '863259', '', '0000-00-00', '0000-00-00', '2', '2', 'NUEVO CREDITO', '2019-10-06 18:46:51'),
(312, 7, 8, 0, 1, 0, 'SM20150007', '', '867376', '', '0000-00-00', '0000-00-00', '2', '2', 'NUEVO CREDITO', '2019-10-06 18:46:51'),
(313, 8, 9, 0, 1, 0, 'SM20150008', '', '867397', '', '0000-00-00', '0000-00-00', '2', '2', 'NUEVO CREDITO', '2019-10-06 18:46:51'),
(314, 9, 10, 0, 1, 0, 'SM20150009', '', '867400', '', '0000-00-00', '0000-00-00', '2', '2', 'NUEVO CREDITO', '2019-10-06 18:46:51'),
(315, 10, 11, 0, 1, 0, 'SM20150010', '', '867408', '', '0000-00-00', '0000-00-00', '2', '2', 'NUEVO CREDITO', '2019-10-06 18:46:51'),
(316, 11, 12, 0, 1, 0, 'SM20150011', '', '867410', '', '0000-00-00', '0000-00-00', '2', '2', 'NUEVO CREDITO', '2019-10-06 18:46:51'),
(317, 12, 13, 0, 1, 0, 'SM20150012', '', '870755', '', '0000-00-00', '0000-00-00', '2', '2', 'NUEVO CREDITO', '2019-10-06 18:46:51'),
(318, 13, 14, 0, 1, 0, 'SM20150013', '', '870827', '', '0000-00-00', '0000-00-00', '2', '2', 'NUEVO CREDITO', '2019-10-06 18:46:51'),
(319, 14, 15, 0, 1, 0, 'SM20150015', '', '922699', '', '0000-00-00', '0000-00-00', '2', '2', 'NUEVO CREDITO', '2019-10-06 18:46:51'),
(320, 15, 16, 0, 1, 0, 'SM20150016', '', '9227111', '', '0000-00-00', '0000-00-00', '2', '2', 'NUEVO CREDITO', '2019-10-06 18:46:51'),
(321, 16, 17, 0, 1, 0, 'SM20150017', '', '939447', '', '0000-00-00', '0000-00-00', '2', '2', 'NUEVO CREDITO', '2019-10-06 18:46:51'),
(322, 17, 18, 0, 1, 0, 'SM20150018', '', '939510', '', '0000-00-00', '0000-00-00', '2', '2', 'NUEVO CREDITO', '2019-10-06 18:46:51'),
(323, 18, 19, 0, 1, 0, 'SM20150019', '', '939474', '', '0000-00-00', '0000-00-00', '4', '4', 'NUEVO CREDITO', '2019-10-06 18:46:51'),
(324, 19, 20, 0, 1, 0, 'SM20150021', '', '939571', '', '0000-00-00', '0000-00-00', '2', '2', 'NUEVO CREDITO', '2019-10-06 18:46:51'),
(325, 20, 21, 0, 1, 0, 'SM20150022', '', '958189', '', '0000-00-00', '0000-00-00', '2', '2', 'NUEVO CREDITO', '2019-10-06 18:46:51'),
(326, 21, 22, 0, 1, 0, 'SM20150023', '', '965524', '', '0000-00-00', '0000-00-00', '2', '2', 'NUEVO CREDITO', '2019-10-06 18:46:51'),
(327, 22, 23, 0, 1, 0, 'SM20150024', '', '965530', '', '0000-00-00', '0000-00-00', '2', '2', 'NUEVO CREDITO', '2019-10-06 18:46:51'),
(328, 23, 24, 0, 1, 0, 'SM20150025', '', '966033', '', '0000-00-00', '0000-00-00', '2', '2', 'NUEVO CREDITO', '2019-10-06 18:46:51'),
(329, 24, 25, 0, 1, 0, 'SM20150026', '', '966055', '', '0000-00-00', '0000-00-00', '2', '2', 'NUEVO CREDITO', '2019-10-06 18:46:51'),
(330, 25, 26, 0, 1, 0, 'SM20150027', '', '979589', '', '0000-00-00', '0000-00-00', '2', '2', 'NUEVO CREDITO', '2019-10-06 18:46:51'),
(331, 26, 27, 0, 1, 0, 'SM20150028', '', '979602', '', '0000-00-00', '0000-00-00', '2', '2', 'NUEVO CREDITO', '2019-10-06 18:46:51'),
(332, 27, 28, 0, 1, 0, 'SM20150029', '', '984466', '', '0000-00-00', '0000-00-00', '2', '2', 'NUEVO CREDITO', '2019-10-06 18:46:51'),
(333, 28, 29, 0, 1, 0, 'SM20150030', '', '996090', '', '0000-00-00', '0000-00-00', '2', '2', 'NUEVO CREDITO', '2019-10-06 18:46:51'),
(334, 29, 30, 0, 1, 0, 'SM2016001', '', '1005282', '', '0000-00-00', '0000-00-00', '2', '2', 'NUEVO CREDITO', '2019-10-06 18:46:51'),
(335, 30, 2, 0, 1, 0, 'SM2016002', '', '1005285', '', '0000-00-00', '0000-00-00', '2', '2', 'NUEVO CREDITO', '2019-10-06 18:46:51'),
(336, 31, 31, 0, 1, 0, 'SM2016003', '', '1010036', '', '0000-00-00', '0000-00-00', '2', '2', 'NUEVO CREDITO', '2019-10-06 18:46:51'),
(337, 32, 32, 0, 1, 0, 'SM2016004', '', '1010056', '', '0000-00-00', '0000-00-00', '2', '2', 'NUEVO CREDITO', '2019-10-06 18:46:51'),
(338, 33, 33, 0, 1, 0, 'SM2016005', '', '1010501', '', '0000-00-00', '0000-00-00', '2', '2', 'NUEVO CREDITO', '2019-10-06 18:46:51'),
(339, 34, 34, 0, 1, 0, 'SM2016006', '', '1047836', '', '0000-00-00', '0000-00-00', '2', '2', 'NUEVO CREDITO', '2019-10-06 18:46:51'),
(340, 35, 36, 0, 1, 0, 'SM2016007', '', '1047849', '', '0000-00-00', '0000-00-00', '2', '2', 'NUEVO CREDITO', '2019-10-06 18:46:51'),
(341, 36, 40, 0, 1, 0, 'SM2016008', '', '1054563', '', '0000-00-00', '0000-00-00', '2', '2', 'NUEVO CREDITO', '2019-10-06 18:46:51'),
(342, 37, 38, 0, 1, 0, 'SM2016010', '', '1054569', '', '0000-00-00', '0000-00-00', '2', '2', 'NUEVO CREDITO', '2019-10-06 18:46:51'),
(343, 38, 41, 0, 1, 0, 'SM2016013', '', '1055014', '', '0000-00-00', '0000-00-00', '2', '2', 'NUEVO CREDITO', '2019-10-06 18:46:51'),
(344, 39, 42, 0, 1, 0, 'SM2016014', '', '1102620', '', '0000-00-00', '0000-00-00', '2', '2', 'NUEVO CREDITO', '2019-10-06 18:46:51'),
(345, 40, 44, 0, 1, 0, 'SM2016015', '', '1102624', '', '0000-00-00', '0000-00-00', '2', '2', 'NUEVO CREDITO', '2019-10-06 18:46:51'),
(346, 41, 43, 0, 1, 0, 'SM2016016', '', '1102676', '', '0000-00-00', '0000-00-00', '2', '2', 'NUEVO CREDITO', '2019-10-06 18:46:51'),
(347, 42, 10, 0, 1, 0, 'SM2016017', '', '1111954', '', '0000-00-00', '0000-00-00', '2', '2', 'NUEVO CREDITO', '2019-10-06 18:46:51'),
(348, 43, 46, 0, 1, 0, 'SM2016018', '', '1116528', '', '0000-00-00', '0000-00-00', '2', '2', 'NUEVO CREDITO', '2019-10-06 18:46:51'),
(349, 44, 47, 0, 1, 0, 'SM2016019', '', '1133361', '', '0000-00-00', '0000-00-00', '2', '2', 'NUEVO CREDITO', '2019-10-06 18:46:51'),
(350, 45, 48, 0, 1, 0, 'SM2016020', '', '1148517', '', '0000-00-00', '0000-00-00', '2', '2', 'NUEVO CREDITO', '2019-10-06 18:46:51'),
(351, 46, 50, 0, 1, 0, 'SM2016021', '', '1148518', '', '0000-00-00', '0000-00-00', '2', '2', 'NUEVO CREDITO', '2019-10-06 18:46:51'),
(352, 47, 49, 0, 1, 0, 'SM2016022', '', '1148519', '', '0000-00-00', '0000-00-00', '2', '2', 'NUEVO CREDITO', '2019-10-06 18:46:51'),
(353, 48, 51, 0, 1, 0, 'SM2016023', '', '1148534', '', '0000-00-00', '0000-00-00', '2', '2', 'NUEVO CREDITO', '2019-10-06 18:46:51'),
(354, 49, 54, 0, 1, 0, 'SM2016024', '', '1153129', '', '0000-00-00', '0000-00-00', '2', '2', 'NUEVO CREDITO', '2019-10-06 18:46:51'),
(355, 50, 53, 0, 1, 0, 'SM2016025', '', '1153131', '', '0000-00-00', '0000-00-00', '1', '1', 'NUEVO CREDITO', '2019-10-06 18:46:51'),
(356, 51, 56, 0, 1, 0, 'SM2016027', '', '1197231', '', '0000-00-00', '0000-00-00', '2', '2', 'NUEVO CREDITO', '2019-10-06 18:46:51'),
(357, 52, 57, 0, 1, 0, 'SM2016028', '', '1197230', '', '0000-00-00', '0000-00-00', '2', '2', 'NUEVO CREDITO', '2019-10-06 18:46:51'),
(358, 53, 55, 0, 1, 0, 'SM2016029', '', '1199465', '', '0000-00-00', '0000-00-00', '2', '2', 'NUEVO CREDITO', '2019-10-06 18:46:51'),
(359, 54, 58, 0, 1, 0, 'SM2016030', '', '1208413', '', '0000-00-00', '0000-00-00', '2', '2', 'NUEVO CREDITO', '2019-10-06 18:46:51'),
(360, 55, 59, 0, 1, 0, 'SM2017003', '', '1223360', '', '0000-00-00', '0000-00-00', '2', '2', 'NUEVO CREDITO', '2019-10-06 18:46:51'),
(361, 56, 17, 0, 1, 0, 'SM2017002', '', '46077136', '', '0000-00-00', '0000-00-00', '2', '2', 'NUEVO CREDITO', '2019-10-06 18:46:51'),
(362, 57, 16, 0, 1, 0, 'SM2017001', '', '1217667', '', '0000-00-00', '0000-00-00', '2', '2', 'NUEVO CREDITO', '2019-10-06 18:46:51'),
(363, 58, 60, 0, 1, 0, 'SM2017004', '', '1229318', '', '0000-00-00', '0000-00-00', '2', '2', 'NUEVO CREDITO', '2019-10-06 18:46:51'),
(364, 59, 14, 0, 1, 0, 'SM2017005', '', '1251545', '', '0000-00-00', '0000-00-00', '2', '2', 'NUEVO CREDITO', '2019-10-06 18:46:51'),
(365, 60, 4, 0, 1, 0, 'SM2017007', '', '1288147', '', '0000-00-00', '0000-00-00', '2', '2', 'NUEVO CREDITO', '2019-10-06 18:46:51'),
(366, 61, 61, 0, 1, 0, 'SM2017008', '', '1288152', '', '0000-00-00', '0000-00-00', '2', '2', 'NUEVO CREDITO', '2019-10-06 18:46:51'),
(367, 62, 62, 0, 1, 0, 'SM2017006', '', '1286930', '', '0000-00-00', '0000-00-00', '2', '2', 'NUEVO CREDITO', '2019-10-06 18:46:51'),
(368, 63, 63, 0, 1, 0, 'SM2017009', '', '1288154', '', '0000-00-00', '0000-00-00', '2', '2', 'NUEVO CREDITO', '2019-10-06 18:46:51'),
(369, 64, 64, 0, 1, 0, 'SM2017010', '', '1294265', '', '0000-00-00', '0000-00-00', '2', '2', 'NUEVO CREDITO', '2019-10-06 18:46:51'),
(370, 65, 66, 0, 1, 0, 'SM2017011', '', '1304732', '', '0000-00-00', '0000-00-00', '2', '2', 'NUEVO CREDITO', '2019-10-06 18:46:51'),
(371, 66, 65, 0, 1, 0, 'SM2017012', '', '1309277', '', '0000-00-00', '0000-00-00', '2', '2', 'NUEVO CREDITO', '2019-10-06 18:46:51'),
(372, 67, 26, 0, 1, 0, 'SM2017013', '', '1309284', '', '0000-00-00', '0000-00-00', '2', '2', 'NUEVO CREDITO', '2019-10-06 18:46:51'),
(373, 68, 67, 0, 1, 0, 'SM2017020', '', '1334074', '', '0000-00-00', '0000-00-00', '1', '1', 'NUEVO CREDITO', '2019-10-06 18:46:51'),
(374, 69, 3, 0, 1, 0, 'SM2017015', '', '1309337', '', '0000-00-00', '0000-00-00', '2', '2', 'NUEVO CREDITO', '2019-10-06 18:46:51'),
(375, 70, 68, 0, 1, 0, 'SM2017016', '', '1326059', '', '0000-00-00', '0000-00-00', '1', '1', 'NUEVO CREDITO', '2019-10-06 18:46:51'),
(376, 71, 70, 0, 1, 0, 'SM2017019', '', '1334068', '', '0000-00-00', '0000-00-00', '2', '2', 'NUEVO CREDITO', '2019-10-06 18:46:51'),
(377, 72, 71, 0, 1, 0, 'SM2017021', '', '0000001', '', '0000-00-00', '0000-00-00', '2', '2', 'NUEVO CREDITO', '2019-10-06 18:46:51'),
(378, 73, 8, 0, 1, 0, 'SM2017022', '', '1369875', '', '0000-00-00', '0000-00-00', '2', '2', 'NUEVO CREDITO', '2019-10-06 18:46:51'),
(379, 74, 5, 0, 1, 0, 'SM2017023', '', '1369883', '', '0000-00-00', '0000-00-00', '2', '2', 'NUEVO CREDITO', '2019-10-06 18:46:51'),
(380, 75, 2, 0, 1, 0, 'SM2017024', '', '1370638', '', '0000-00-00', '0000-00-00', '2', '2', 'NUEVO CREDITO', '2019-10-06 18:46:51'),
(381, 76, 42, 0, 1, 0, 'SM2017027', '', '1371989', '', '0000-00-00', '0000-00-00', '2', '2', 'NUEVO CREDITO', '2019-10-06 18:46:51'),
(382, 77, 72, 0, 1, 0, 'SM2017026', '', '1371981', '', '0000-00-00', '0000-00-00', '2', '2', 'NUEVO CREDITO', '2019-10-06 18:46:51'),
(383, 78, 73, 0, 1, 0, 'SM2017025', '', '1371973', '', '0000-00-00', '0000-00-00', '2', '2', 'NUEVO CREDITO', '2019-10-06 18:46:51'),
(384, 79, 36, 0, 1, 0, 'SM2017033', '', '1374528', '', '0000-00-00', '0000-00-00', '2', '2', 'NUEVO CREDITO', '2019-10-06 18:46:51'),
(385, 80, 74, 0, 1, 0, 'SM2017043', '', '1386759', '', '0000-00-00', '0000-00-00', '1', '1', 'NUEVO CREDITO', '2019-10-06 18:46:51'),
(386, 81, 75, 0, 1, 0, 'SM2017042', '', '1386754', '', '0000-00-00', '0000-00-00', '1', '1', 'NUEVO CREDITO', '2019-10-06 18:46:51'),
(387, 82, 50, 0, 1, 0, 'SM2017046', '', '1398132', '', '0000-00-00', '0000-00-00', '2', '2', 'NUEVO CREDITO', '2019-10-06 18:46:51'),
(388, 83, 48, 0, 1, 0, 'SM2017048', '', '1403311', '', '0000-00-00', '0000-00-00', '2', '2', 'NUEVO CREDITO', '2019-10-06 18:46:51'),
(389, 84, 10, 0, 1, 0, 'SM2017032', '', '1374522', '', '0000-00-00', '0000-00-00', '2', '2', 'NUEVO CREDITO', '2019-10-06 18:46:51'),
(390, 85, 76, 0, 1, 0, 'SM2017034', '', '1376086', '', '0000-00-00', '0000-00-00', '2', '2', 'NUEVO CREDITO', '2019-10-06 18:46:51'),
(391, 86, 13, 0, 1, 0, 'SM2017038', '', '1382615', '', '0000-00-00', '0000-00-00', '2', '2', 'NUEVO CREDITO', '2019-10-06 18:46:51'),
(392, 87, 77, 0, 1, 0, 'SM2017047', '', '1402202', '', '0000-00-00', '0000-00-00', '2', '2', 'NUEVO CREDITO', '2019-10-06 18:46:51'),
(393, 88, 20, 0, 1, 0, 'SM2017030', '', '1372840', '', '0000-00-00', '0000-00-00', '2', '2', 'NUEVO CREDITO', '2019-10-06 18:46:51'),
(394, 89, 78, 0, 1, 0, 'SM2017041', '', '1384855', '', '0000-00-00', '0000-00-00', '2', '2', 'NUEVO CREDITO', '2019-10-06 18:46:51'),
(395, 90, 79, 0, 1, 0, 'SM2017040', '', '1382622', '', '0000-00-00', '0000-00-00', '2', '2', 'NUEVO CREDITO', '2019-10-06 18:46:51'),
(396, 91, 80, 0, 1, 0, 'SM2017037', '', '1382149', '', '0000-00-00', '0000-00-00', '2', '2', 'NUEVO CREDITO', '2019-10-06 18:46:51'),
(397, 92, 9, 0, 1, 0, 'SM2017039', '', '1382618', '', '0000-00-00', '0000-00-00', '2', '2', 'NUEVO CREDITO', '2019-10-06 18:46:51'),
(398, 93, 6, 0, 1, 0, 'SM2017031', '', '1372849', '', '0000-00-00', '0000-00-00', '1', '1', 'NUEVO CREDITO', '2019-10-06 18:46:51'),
(399, 94, 30, 0, 1, 0, 'SM2017044', '', '1386874', '', '0000-00-00', '0000-00-00', '2', '2', 'NUEVO CREDITO', '2019-10-06 18:46:51'),
(400, 95, 81, 0, 1, 0, 'SM2017036', '', '1379354', '', '0000-00-00', '0000-00-00', '2', '2', 'NUEVO CREDITO', '2019-10-06 18:46:51'),
(401, 96, 82, 0, 1, 0, 'SM2017029', '', '1371998', '', '0000-00-00', '0000-00-00', '2', '2', 'NUEVO CREDITO', '2019-10-06 18:46:51'),
(402, 97, 83, 0, 1, 0, 'SM2017035', '', '1376088', '', '0000-00-00', '0000-00-00', '2', '2', 'NUEVO CREDITO', '2019-10-06 18:46:51'),
(403, 98, 51, 0, 1, 0, 'SM2017052', '', '1419318', '', '0000-00-00', '0000-00-00', '2', '2', 'NUEVO CREDITO', '2019-10-06 18:46:51'),
(404, 99, 84, 0, 1, 0, 'SM2017051', '', '1419307', '', '0000-00-00', '0000-00-00', '2', '2', 'NUEVO CREDITO', '2019-10-06 18:46:51'),
(405, 100, 85, 0, 1, 0, 'SM2017053', '', '0000000', '', '0000-00-00', '0000-00-00', '2', '2', 'NUEVO CREDITO', '2019-10-06 18:46:51'),
(406, 101, 86, 0, 1, 0, 'SM2018001', '', '1451101', '', '0000-00-00', '0000-00-00', '2', '2', 'NUEVO CREDITO', '2019-10-06 18:46:51'),
(407, 102, 18, 0, 1, 0, 'SM2018002', '', '1451197', '', '0000-00-00', '0000-00-00', '2', '2', 'NUEVO CREDITO', '2019-10-06 18:46:51'),
(408, 103, 56, 0, 1, 0, 'SM2018004', '', '1456972', '', '0000-00-00', '0000-00-00', '2', '2', 'NUEVO CREDITO', '2019-10-06 18:46:51'),
(409, 104, 58, 0, 1, 0, 'SM2018006', '', '1472922', '', '0000-00-00', '0000-00-00', '2', '2', 'NUEVO CREDITO', '2019-10-06 18:46:51'),
(410, 105, 11, 0, 1, 0, 'SM2018005', '', '1471909', '', '0000-00-00', '0000-00-00', '2', '2', 'NUEVO CREDITO', '2019-10-06 18:46:51'),
(411, 106, 55, 0, 1, 0, 'SM2018007', '', '1480663', '', '0000-00-00', '0000-00-00', '2', '2', 'NUEVO CREDITO', '2019-10-06 18:46:51'),
(412, 107, 87, 0, 1, 0, 'SM2018008', '', '1487664', '', '0000-00-00', '0000-00-00', '2', '2', 'NUEVO CREDITO', '2019-10-06 18:46:51'),
(413, 108, 59, 0, 1, 0, 'SM2018009', '', '1369865', '', '0000-00-00', '0000-00-00', '2', '2', 'NUEVO CREDITO', '2019-10-06 18:46:51'),
(414, 109, 88, 0, 1, 0, 'SM2018010', '', '1493374', '', '0000-00-00', '0000-00-00', '1', '1', 'NUEVO CREDITO', '2019-10-06 18:46:51'),
(415, 110, 89, 0, 1, 0, 'SM2018012', '', '1498585', '', '0000-00-00', '0000-00-00', '1', '1', 'NUEVO CREDITO', '2019-10-06 18:46:51'),
(416, 111, 69, 0, 1, 0, 'SM2017014', '', '1309290', '', '0000-00-00', '0000-00-00', '2', '2', 'NUEVO CREDITO', '2019-10-06 18:46:51'),
(417, 112, 90, 0, 1, 0, 'SM2018011', '', '1497483', '', '0000-00-00', '0000-00-00', '2', '2', 'NUEVO CREDITO', '2019-10-06 18:46:51'),
(418, 113, 91, 0, 1, 0, 'SM2018015', '', '1517364', '', '0000-00-00', '0000-00-00', '2', '2', 'NUEVO CREDITO', '2019-10-06 18:46:51'),
(419, 114, 4, 0, 1, 0, 'SM2018019', '', '1536936', '', '0000-00-00', '0000-00-00', '2', '2', 'NUEVO CREDITO', '2019-10-06 18:46:51'),
(420, 115, 3, 0, 1, 0, 'SM2018018', '', '1528560', '', '0000-00-00', '0000-00-00', '2', '2', 'NUEVO CREDITO', '2019-10-06 18:46:51'),
(421, 116, 65, 0, 1, 0, 'SM2018022', '', '1544042', '', '0000-00-00', '0000-00-00', '1', '1', 'NUEVO CREDITO', '2019-10-06 18:46:51'),
(422, 117, 62, 0, 1, 0, 'SM2018020', '', '1539092', '', '0000-00-00', '0000-00-00', '2', '2', 'NUEVO CREDITO', '2019-10-06 18:46:51'),
(423, 118, 26, 0, 1, 0, 'SM2018021', '', '1544039', '', '0000-00-00', '0000-00-00', '1', '1', 'NUEVO CREDITO', '2019-10-06 18:46:51'),
(424, 119, 58, 0, 1, 0, 'SM2018023', '', '1551903', '', '0000-00-00', '0000-00-00', '1', '1', 'NUEVO CREDITO', '2019-10-06 18:46:51'),
(425, 120, 92, 0, 1, 0, 'SM2018028', '', '1568001', '', '0000-00-00', '0000-00-00', '2', '2', 'NUEVO CREDITO', '2019-10-06 18:46:51'),
(426, 121, 93, 0, 1, 0, 'SM2018027', '', '1567999', '', '0000-00-00', '0000-00-00', '2', '2', 'NUEVO CREDITO', '2019-10-06 18:46:51'),
(427, 122, 94, 0, 1, 0, 'SM2018025', '', '1563942', '', '0000-00-00', '0000-00-00', '2', '2', 'NUEVO CREDITO', '2019-10-06 18:46:51'),
(428, 123, 95, 0, 1, 0, 'SM2018026', '', '1566321', '', '0000-00-00', '0000-00-00', '2', '2', 'NUEVO CREDITO', '2019-10-06 18:46:51'),
(429, 124, 21, 0, 1, 0, 'SM2018029', '', '1583771', '', '0000-00-00', '0000-00-00', '1', '1', 'NUEVO CREDITO', '2019-10-06 18:46:51'),
(430, 125, 96, 0, 1, 0, 'SM2018030', '', '1594245', '', '0000-00-00', '0000-00-00', '1', '1', 'NUEVO CREDITO', '2019-10-06 18:46:51'),
(431, 126, 97, 0, 1, 0, 'SM2018033', '', '1599503', '', '0000-00-00', '0000-00-00', '1', '1', 'NUEVO CREDITO', '2019-10-06 18:46:51'),
(432, 127, 98, 0, 1, 0, 'SM2018034', '', '1600202', '', '0000-00-00', '0000-00-00', '1', '1', 'NUEVO CREDITO', '2019-10-06 18:46:51'),
(433, 128, 99, 0, 1, 0, 'SM2018036', '', '1607023', '', '0000-00-00', '0000-00-00', '1', '1', 'NUEVO CREDITO', '2019-10-06 18:46:51'),
(434, 129, 100, 0, 1, 0, 'SM2018031', '', '1599500', '', '0000-00-00', '0000-00-00', '1', '1', 'NUEVO CREDITO', '2019-10-06 18:46:51'),
(435, 130, 101, 0, 1, 0, 'SM2018032', '', '1599501', '', '0000-00-00', '0000-00-00', '1', '1', 'NUEVO CREDITO', '2019-10-06 18:46:51'),
(436, 131, 102, 0, 1, 0, 'SM2018035', '', '1602399', '', '0000-00-00', '0000-00-00', '1', '1', 'NUEVO CREDITO', '2019-10-06 18:46:51'),
(437, 132, 103, 0, 1, 0, 'SM2017028', '', '1371994', '', '0000-00-00', '0000-00-00', '2', '2', 'NUEVO CREDITO', '2019-10-06 18:46:51'),
(438, 133, 104, 0, 1, 0, 'SM2018037', '', '1607027', '', '0000-00-00', '0000-00-00', '1', '1', 'NUEVO CREDITO', '2019-10-06 18:46:51'),
(439, 134, 105, 0, 1, 0, 'SM2018038', '', '1609376', '', '0000-00-00', '0000-00-00', '1', '1', 'NUEVO CREDITO', '2019-10-06 18:46:51'),
(440, 135, 106, 0, 1, 0, 'SM2018039', '', '1609377', '', '0000-00-00', '0000-00-00', '1', '1', 'NUEVO CREDITO', '2019-10-06 18:46:51'),
(441, 136, 107, 0, 1, 0, 'SM2018042', '', '1614033', '', '0000-00-00', '0000-00-00', '1', '1', 'NUEVO CREDITO', '2019-10-06 18:46:51'),
(442, 137, 108, 0, 1, 0, 'SM2018043', '', '1614035', '', '0000-00-00', '0000-00-00', '1', '1', 'NUEVO CREDITO', '2019-10-06 18:46:51'),
(443, 138, 8, 0, 1, 0, 'SM2018044', '', '1619559', '', '0000-00-00', '0000-00-00', '1', '1', 'NUEVO CREDITO', '2019-10-06 18:46:51'),
(444, 139, 57, 0, 1, 0, 'SM2018051', '', '1630228', '', '0000-00-00', '0000-00-00', '1', '1', 'NUEVO CREDITO', '2019-10-06 18:46:51'),
(445, 140, 109, 0, 1, 0, 'SM2018049', '', '1626287', '', '0000-00-00', '0000-00-00', '1', '1', 'NUEVO CREDITO', '2019-10-06 18:46:51'),
(446, 141, 42, 0, 1, 0, 'SM2018053', '', '1645011', '', '0000-00-00', '0000-00-00', '1', '1', 'NUEVO CREDITO', '2019-10-06 18:46:51'),
(447, 142, 61, 0, 1, 0, 'SM2018050', '', '1630223', '', '0000-00-00', '0000-00-00', '1', '1', 'NUEVO CREDITO', '2019-10-06 18:46:51'),
(448, 143, 72, 0, 1, 0, 'SM2018052', '', '1645009', '', '0000-00-00', '0000-00-00', '1', '1', 'NUEVO CREDITO', '2019-10-06 18:46:51'),
(449, 144, 110, 0, 1, 0, 'SM2018046', '', '1623584', '', '0000-00-00', '0000-00-00', '1', '1', 'NUEVO CREDITO', '2019-10-06 18:46:51'),
(450, 145, 111, 0, 1, 0, 'SM2018048', '', '1623594', '', '0000-00-00', '0000-00-00', '1', '1', 'NUEVO CREDITO', '2019-10-06 18:46:51'),
(451, 146, 78, 0, 1, 0, 'SM2018056', '', '1650874', '', '0000-00-00', '0000-00-00', '1', '1', 'NUEVO CREDITO', '2019-10-06 18:46:51'),
(452, 147, 112, 0, 1, 0, 'SM2018055', '', '1650868', '', '0000-00-00', '0000-00-00', '1', '1', 'NUEVO CREDITO', '2019-10-06 18:46:51'),
(453, 148, 50, 0, 1, 0, 'SM2018058', '', '1653939', '', '0000-00-00', '0000-00-00', '1', '1', 'NUEVO CREDITO', '2019-10-06 18:46:51'),
(454, 149, 48, 0, 1, 0, 'SM2018060', '', '1665120', '', '0000-00-00', '0000-00-00', '1', '1', 'NUEVO CREDITO', '2019-10-06 18:46:51'),
(455, 150, 103, 0, 1, 0, 'SM2018057', '', '1653912', '', '0000-00-00', '0000-00-00', '1', '1', 'NUEVO CREDITO', '2019-10-06 18:46:51'),
(456, 151, 9, 0, 1, 0, 'SM2018065', '', '1671623', '', '0000-00-00', '0000-00-00', '1', '1', 'NUEVO CREDITO', '2019-10-06 18:46:51'),
(457, 152, 83, 0, 1, 0, 'SM2018059', '', '1658790', '', '0000-00-00', '0000-00-00', '1', '1', 'NUEVO CREDITO', '2019-10-06 18:46:51'),
(458, 153, 2, 0, 1, 0, 'SM2018062', '', '1665131', '', '0000-00-00', '0000-00-00', '1', '1', 'NUEVO CREDITO', '2019-10-06 18:46:51'),
(459, 154, 86, 0, 1, 0, 'SM2018069', '', '1676874', '', '0000-00-00', '0000-00-00', '1', '1', 'NUEVO CREDITO', '2019-10-06 18:46:51'),
(460, 155, 17, 0, 1, 0, 'SM2018016', '', '1517357', '', '0000-00-00', '0000-00-00', '2', '2', 'NUEVO CREDITO', '2019-10-06 18:46:51'),
(461, 156, 113, 0, 1, 0, 'SM2018068', '', '1676868', '', '0000-00-00', '0000-00-00', '1', '1', 'NUEVO CREDITO', '2019-10-06 18:46:51'),
(462, 157, 18, 0, 1, 0, 'SM2019010', '', '1713274', '', '0000-00-00', '0000-00-00', '1', '1', 'NUEVO CREDITO', '2019-10-06 18:46:51'),
(463, 158, 114, 0, 1, 0, 'SM2018067', '', '1676856', '', '0000-00-00', '0000-00-00', '1', '1', 'NUEVO CREDITO', '2019-10-06 18:46:51'),
(464, 159, 115, 0, 1, 0, 'SM2019002', '', '1688709', '', '0000-00-00', '0000-00-00', '1', '1', 'NUEVO CREDITO', '2019-10-06 18:46:51'),
(465, 160, 77, 0, 1, 0, 'SM2018064', '', '1668401', '', '0000-00-00', '0000-00-00', '1', '1', 'NUEVO CREDITO', '2019-10-06 18:46:51'),
(466, 161, 30, 0, 1, 0, 'SM2018061', '', '1665128', '', '0000-00-00', '0000-00-00', '1', '1', 'NUEVO CREDITO', '2019-10-06 18:46:51'),
(467, 162, 19, 0, 1, 0, 'SM2019001', '', '1688049', '', '0000-00-00', '0000-00-00', '1', '1', 'NUEVO CREDITO', '2019-10-06 18:46:51'),
(468, 163, 116, 0, 1, 0, 'SM2018063', '', '1668396', '', '0000-00-00', '0000-00-00', '2', '2', 'NUEVO CREDITO', '2019-10-06 18:46:51'),
(469, 164, 5, 0, 1, 0, 'SM2018047', '', '1623587', '', '0000-00-00', '0000-00-00', '1', '1', 'NUEVO CREDITO', '2019-10-06 18:46:51'),
(470, 165, 84, 0, 1, 0, 'SM2019004', '', '1697352', '', '0000-00-00', '0000-00-00', '1', '1', 'NUEVO CREDITO', '2019-10-06 18:46:51'),
(471, 166, 14, 0, 1, 0, 'SM2018013', '', '1508169', '', '0000-00-00', '0000-00-00', '2', '2', 'NUEVO CREDITO', '2019-10-06 18:46:51'),
(472, 167, 117, 0, 1, 0, 'SM2018066', '', '47611238', '', '0000-00-00', '0000-00-00', '1', '1', 'NUEVO CREDITO', '2019-10-06 18:46:51'),
(473, 168, 71, 0, 1, 0, 'SM2019011', '', '1753529', '', '0000-00-00', '0000-00-00', '2', '2', 'NUEVO CREDITO', '2019-10-06 18:46:51'),
(474, 169, 33, 0, 1, 0, 'SM2019009', '', '1707018', '', '0000-00-00', '0000-00-00', '1', '1', 'NUEVO CREDITO', '2019-10-06 18:46:51'),
(475, 170, 56, 0, 1, 0, 'SM2019006', '', '1704649', '', '0000-00-00', '0000-00-00', '1', '1', 'NUEVO CREDITO', '2019-10-06 18:46:51'),
(476, 171, 51, 0, 1, 0, 'SM2019007', '', '1704646', '', '0000-00-00', '0000-00-00', '1', '1', 'NUEVO CREDITO', '2019-10-06 18:46:51'),
(477, 172, 13, 0, 1, 0, 'SM2019005', '', '1697356', '', '0000-00-00', '0000-00-00', '1', '1', 'NUEVO CREDITO', '2019-10-06 18:46:51'),
(478, 173, 20, 0, 1, 0, 'SM2019012', '', '1774728', '', '0000-00-00', '0000-00-00', '1', '1', 'NUEVO CREDITO', '2019-10-06 18:46:51'),
(479, 174, 62, 0, 1, 0, 'SM20190013', '', '1789294', '', '0000-00-00', '0000-00-00', '1', '1', 'NUEVO CREDITO', '2019-10-06 18:46:51'),
(480, 175, 118, 0, 1, 0, 'SM2019015', '', '1789302', '', '0000-00-00', '0000-00-00', '1', '1', 'NUEVO CREDITO', '2019-10-06 18:46:51'),
(481, 176, 91, 0, 1, 0, 'SM2019014', '', '1789300', '', '0000-00-00', '0000-00-00', '1', '1', 'NUEVO CREDITO', '2019-10-06 18:46:51'),
(482, 50, 53, 53, 1, 1, 'SM2016025', 'SM2016025', '1153131', '1153131', '0000-00-00', '0000-00-00', '1', '1', 'CREDITO ACTUALIZADO', '2019-10-07 00:59:12'),
(483, 68, 67, 67, 1, 1, 'SM2017020', 'SM2017020', '1334074', '1334074', '0000-00-00', '0000-00-00', '1', '1', 'CREDITO ACTUALIZADO', '2019-10-07 01:03:58'),
(484, 70, 68, 68, 1, 1, 'SM2017016', 'SM2017016', '1326059', '1326059', '0000-00-00', '0000-00-00', '1', '1', 'CREDITO ACTUALIZADO', '2019-10-07 01:03:58'),
(485, 80, 74, 74, 1, 1, 'SM2017043', 'SM2017043', '1386759', '1386759', '0000-00-00', '0000-00-00', '1', '1', 'CREDITO ACTUALIZADO', '2019-10-07 01:03:58'),
(486, 81, 75, 75, 1, 1, 'SM2017042', 'SM2017042', '1386754', '1386754', '0000-00-00', '0000-00-00', '1', '1', 'CREDITO ACTUALIZADO', '2019-10-07 01:03:58'),
(487, 93, 6, 6, 1, 1, 'SM2017031', 'SM2017031', '1372849', '1372849', '0000-00-00', '0000-00-00', '1', '1', 'CREDITO ACTUALIZADO', '2019-10-07 01:03:58'),
(488, 109, 88, 88, 1, 1, 'SM2018010', 'SM2018010', '1493374', '1493374', '0000-00-00', '0000-00-00', '1', '1', 'CREDITO ACTUALIZADO', '2019-10-07 01:03:58'),
(489, 110, 89, 89, 1, 1, 'SM2018012', 'SM2018012', '1498585', '1498585', '0000-00-00', '0000-00-00', '1', '1', 'CREDITO ACTUALIZADO', '2019-10-07 01:03:59'),
(490, 116, 65, 65, 1, 1, 'SM2018022', 'SM2018022', '1544042', '1544042', '0000-00-00', '0000-00-00', '1', '1', 'CREDITO ACTUALIZADO', '2019-10-07 01:03:59'),
(491, 118, 26, 26, 1, 1, 'SM2018021', 'SM2018021', '1544039', '1544039', '0000-00-00', '0000-00-00', '1', '1', 'CREDITO ACTUALIZADO', '2019-10-07 01:03:59'),
(492, 119, 58, 58, 1, 1, 'SM2018023', 'SM2018023', '1551903', '1551903', '0000-00-00', '0000-00-00', '1', '1', 'CREDITO ACTUALIZADO', '2019-10-07 01:03:59'),
(493, 124, 21, 21, 1, 1, 'SM2018029', 'SM2018029', '1583771', '1583771', '0000-00-00', '0000-00-00', '1', '1', 'CREDITO ACTUALIZADO', '2019-10-07 01:03:59'),
(494, 125, 96, 96, 1, 1, 'SM2018030', 'SM2018030', '1594245', '1594245', '0000-00-00', '0000-00-00', '1', '1', 'CREDITO ACTUALIZADO', '2019-10-07 01:03:59'),
(495, 126, 97, 97, 1, 1, 'SM2018033', 'SM2018033', '1599503', '1599503', '0000-00-00', '0000-00-00', '1', '1', 'CREDITO ACTUALIZADO', '2019-10-07 01:03:59'),
(496, 127, 98, 98, 1, 1, 'SM2018034', 'SM2018034', '1600202', '1600202', '0000-00-00', '0000-00-00', '1', '1', 'CREDITO ACTUALIZADO', '2019-10-07 01:03:59'),
(497, 129, 100, 100, 1, 1, 'SM2018031', 'SM2018031', '1599500', '1599500', '0000-00-00', '0000-00-00', '1', '1', 'CREDITO ACTUALIZADO', '2019-10-07 01:03:59'),
(498, 130, 101, 101, 1, 1, 'SM2018032', 'SM2018032', '1599501', '1599501', '0000-00-00', '0000-00-00', '1', '1', 'CREDITO ACTUALIZADO', '2019-10-07 01:03:59'),
(499, 156, 113, 113, 1, 1, 'SM2018068', 'SM2018068', '1676868', '1676868', '0000-00-00', '0000-00-00', '1', '1', 'CREDITO ACTUALIZADO', '2019-10-07 01:03:59'),
(500, 159, 115, 115, 1, 1, 'SM2019002', 'SM2019002', '1688709', '1688709', '0000-00-00', '0000-00-00', '1', '1', 'CREDITO ACTUALIZADO', '2019-10-07 01:03:59'),
(501, 162, 19, 19, 1, 1, 'SM2019001', 'SM2019001', '1688049', '1688049', '0000-00-00', '0000-00-00', '1', '1', 'CREDITO ACTUALIZADO', '2019-10-07 01:03:59'),
(502, 165, 84, 84, 1, 1, 'SM2019004', 'SM2019004', '1697352', '1697352', '0000-00-00', '0000-00-00', '1', '1', 'CREDITO ACTUALIZADO', '2019-10-07 01:03:59'),
(503, 50, 53, 53, 1, 1, 'SM2016025', 'SM2016025', '1153131', '1153131', '0000-00-00', '0000-00-00', '1', '1', 'CREDITO ACTUALIZADO', '2019-10-07 01:57:30'),
(504, 50, 53, 53, 1, 1, 'SM2016025', 'SM2016025', '1153131', '1153131', '0000-00-00', '0000-00-00', '1', '1', 'CREDITO ACTUALIZADO', '2019-10-07 01:57:59');

-- --------------------------------------------------------

--
-- Estructura de tabla para la tabla `cuotas`
--

CREATE TABLE `cuotas` (
  `id` int(10) UNSIGNED NOT NULL,
  `idusuario` int(10) UNSIGNED NOT NULL,
  `idcredito` int(10) UNSIGNED NOT NULL,
  `numerocuota` int(2) NOT NULL,
  `fechapago` date NOT NULL,
  `fechacancelacion` datetime DEFAULT current_timestamp(),
  `saldopendiente` decimal(12,2) NOT NULL COMMENT 'dolares /neto',
  `monto` decimal(7,2) NOT NULL COMMENT 'dolares /neto',
  `otroscostos` decimal(7,2) DEFAULT NULL,
  `descripcion` varchar(120) COLLATE utf8mb4_unicode_ci DEFAULT NULL,
  `estado` char(1) COLLATE utf8mb4_unicode_ci NOT NULL COMMENT '0 sin pagar / 1 pagada',
  `created_at` timestamp NULL DEFAULT NULL,
  `updated_at` timestamp NULL DEFAULT NULL
) ENGINE=InnoDB DEFAULT CHARSET=utf8mb4 COLLATE=utf8mb4_unicode_ci;

--
-- Volcado de datos para la tabla `cuotas`
--

INSERT INTO `cuotas` (`id`, `idusuario`, `idcredito`, `numerocuota`, `fechapago`, `fechacancelacion`, `saldopendiente`, `monto`, `otroscostos`, `descripcion`, `estado`, `created_at`, `updated_at`) VALUES
(1, 1, 1, 1, '2015-06-25', '2016-05-01 17:33:41', '1558.33', '141.67', '0.00', '1', '1', NULL, NULL),
(2, 1, 1, 2, '2015-07-25', '2016-05-01 17:33:47', '1416.67', '141.67', '0.00', '1    ', '1', NULL, NULL),
(3, 1, 1, 3, '2015-08-25', '2016-05-01 17:33:55', '1275.00', '141.67', '0.00', '1    ', '1', NULL, NULL),
(4, 1, 1, 4, '2015-09-25', '2016-05-01 17:34:01', '1133.33', '141.67', '0.00', '1    ', '1', NULL, NULL),
(5, 1, 1, 5, '2015-10-25', '2016-05-01 17:34:07', '991.67', '141.67', '0.00', '1    ', '1', NULL, NULL),
(6, 1, 1, 6, '2015-11-25', '2016-05-01 17:34:14', '850.00', '141.67', '0.00', '1    ', '1', NULL, NULL),
(7, 1, 1, 7, '2015-12-25', '2016-05-01 17:34:22', '708.33', '141.67', '0.00', '1    ', '1', NULL, NULL),
(8, 1, 1, 8, '2016-01-25', '2016-05-01 17:34:30', '566.67', '141.67', '0.00', '1    ', '1', NULL, NULL),
(9, 1, 1, 9, '2016-02-25', '2016-05-01 17:34:37', '425.00', '141.67', '0.00', '1    ', '1', NULL, NULL),
(10, 1, 1, 10, '2016-03-25', '2016-05-01 17:34:44', '283.33', '141.67', '0.00', '1    ', '1', NULL, NULL),
(11, 1, 1, 11, '2016-04-25', '2016-05-01 17:34:53', '141.67', '141.67', '0.00', '1    ', '1', NULL, NULL),
(12, 1, 1, 12, '2016-05-25', '2016-05-01 17:35:12', '0.00', '141.67', '0.00', '1', '1', NULL, NULL),
(13, 1, 2, 1, '2015-06-25', '2016-05-01 17:59:31', '1558.33', '141.67', '0.00', '1    ', '1', NULL, NULL),
(14, 1, 2, 2, '2015-07-25', '2016-05-01 17:59:39', '1416.67', '141.67', '0.00', '1    ', '1', NULL, NULL),
(15, 1, 2, 3, '2015-08-25', '2016-05-01 17:59:45', '1275.00', '141.67', '0.00', '1    ', '1', NULL, NULL),
(16, 1, 2, 4, '2015-09-25', '2016-05-01 17:59:50', '1133.33', '141.67', '0.00', '1    ', '1', NULL, NULL),
(17, 1, 2, 5, '2015-10-25', '2016-05-01 17:59:54', '991.67', '141.67', '0.00', '1    ', '1', NULL, NULL),
(18, 1, 2, 6, '2015-11-25', '2016-05-01 17:59:59', '850.00', '141.67', '0.00', '1    ', '1', NULL, NULL),
(19, 1, 2, 7, '2015-12-25', '2016-05-01 18:00:04', '708.33', '141.67', '0.00', '1    ', '1', NULL, NULL),
(20, 1, 2, 8, '2016-01-25', '2016-05-01 18:00:10', '566.67', '141.67', '0.00', '1    ', '1', NULL, NULL),
(21, 1, 2, 9, '2016-02-25', '2016-05-01 18:00:15', '425.00', '141.67', '0.00', '1    ', '1', NULL, NULL),
(22, 1, 2, 10, '2016-03-25', '2016-05-01 18:00:19', '283.33', '141.67', '0.00', '1    ', '1', NULL, NULL),
(23, 1, 2, 11, '2016-04-25', '2016-05-01 18:00:24', '141.67', '141.67', '0.00', '1    ', '1', NULL, NULL),
(24, 1, 2, 12, '2016-05-25', '2016-05-01 18:00:37', '0.00', '141.67', '0.00', '1    ', '1', NULL, NULL),
(25, 1, 3, 1, '2015-06-25', '2016-05-01 18:33:51', '1558.33', '141.67', '0.00', '1    ', '1', NULL, NULL),
(26, 1, 3, 2, '2015-07-25', '2016-05-01 18:33:44', '1416.67', '141.67', '0.00', '1', '1', NULL, NULL),
(27, 1, 3, 3, '2015-08-25', '2016-05-01 18:33:38', '1275.00', '141.67', '0.00', '1    ', '1', NULL, NULL),
(28, 1, 3, 4, '2015-09-25', '2016-05-01 18:33:32', '1133.33', '141.67', '0.00', '1    ', '1', NULL, NULL),
(29, 1, 3, 5, '2015-10-25', '2016-05-01 18:33:24', '991.67', '141.67', '0.00', '1    ', '1', NULL, NULL),
(30, 1, 3, 6, '2015-11-25', '2016-05-01 18:33:17', '850.00', '141.67', '0.00', '1    ', '1', NULL, NULL),
(31, 1, 3, 7, '2015-12-25', '2016-05-01 18:33:10', '708.33', '141.67', '0.00', '1    ', '1', NULL, NULL),
(32, 1, 3, 8, '2016-01-25', '2016-05-01 18:33:04', '566.67', '141.67', '0.00', '1    ', '1', NULL, NULL),
(33, 1, 3, 9, '2016-02-25', '2016-05-01 18:32:59', '425.00', '141.67', '0.00', '1    ', '1', NULL, NULL),
(34, 1, 3, 10, '2016-03-25', '2016-05-01 18:32:53', '283.33', '141.67', '0.00', '1    ', '1', NULL, NULL),
(35, 1, 3, 11, '2016-04-25', '2016-05-01 18:32:48', '141.67', '141.67', '0.00', '1    ', '1', NULL, NULL),
(36, 1, 3, 12, '2016-05-25', '2016-06-06 10:10:59', '0.00', '141.67', '0.00', '1  PAGO EL 27/05/2016   PAGO EL 27/05/2016   PAGO EL 27/05/2016 ', '1', NULL, NULL),
(37, 1, 4, 1, '2015-06-25', '2016-05-01 18:47:48', '1375.00', '125.00', '0.00', '1    ', '1', NULL, NULL),
(38, 1, 4, 2, '2015-07-25', '2016-05-01 18:47:54', '1250.00', '125.00', '0.00', '1    ', '1', NULL, NULL),
(39, 1, 4, 3, '2015-08-25', '2016-05-01 18:48:01', '1125.00', '125.00', '0.00', '1    ', '1', NULL, NULL),
(40, 1, 4, 4, '2015-09-25', '2016-05-01 18:48:07', '1000.00', '125.00', '0.00', '1    ', '1', NULL, NULL),
(41, 1, 4, 5, '2015-10-25', '2016-05-01 18:48:16', '875.00', '125.00', '0.00', '1    ', '1', NULL, NULL),
(42, 1, 4, 6, '2015-11-25', '2016-05-01 18:48:25', '750.00', '125.00', '0.00', '1    ', '1', NULL, NULL),
(43, 1, 4, 7, '2015-12-25', '2016-05-01 18:48:35', '625.00', '125.00', '0.00', '1    ', '1', NULL, NULL),
(44, 1, 4, 8, '2016-01-25', '2016-05-01 18:48:42', '500.00', '125.00', '0.00', '1    ', '1', NULL, NULL),
(45, 1, 4, 9, '2016-02-25', '2016-05-01 18:48:51', '375.00', '125.00', '0.00', '1    ', '1', NULL, NULL),
(46, 1, 4, 10, '2016-03-25', '2016-05-26 12:22:05', '250.00', '125.00', '0.00', '1', '1', NULL, NULL),
(47, 1, 4, 11, '2016-04-25', '2016-05-26 12:22:20', '125.00', '125.00', '0.00', '1      ', '1', NULL, NULL),
(48, 1, 4, 12, '2016-05-25', '2016-05-26 12:22:44', '0.00', '125.00', '0.00', '1      ', '1', NULL, NULL),
(49, 1, 5, 1, '2015-06-25', '2016-05-01 18:54:12', '916.67', '83.33', '0.00', '1    ', '1', NULL, NULL),
(50, 1, 5, 2, '2015-07-25', '2016-05-01 18:58:55', '833.33', '83.33', '0.00', '1    ', '1', NULL, NULL),
(51, 1, 5, 3, '2015-08-25', '2016-05-01 18:59:00', '750.00', '83.33', '0.00', '1    ', '1', NULL, NULL),
(52, 1, 5, 4, '2015-09-25', '2016-05-01 18:59:06', '666.67', '83.33', '0.00', '1    ', '1', NULL, NULL),
(53, 1, 5, 5, '2015-10-25', '2016-05-01 18:59:11', '583.33', '83.33', '0.00', '1    ', '1', NULL, NULL),
(54, 1, 5, 6, '2015-11-25', '2016-05-01 18:59:17', '500.00', '83.33', '0.00', '1    ', '1', NULL, NULL),
(55, 1, 5, 7, '2015-12-25', '2016-05-01 18:59:24', '416.67', '83.33', '0.00', '1    ', '1', NULL, NULL),
(56, 1, 5, 8, '2016-01-25', '2016-05-01 18:59:30', '333.33', '83.33', '0.00', '1    ', '1', NULL, NULL),
(57, 1, 5, 9, '2016-02-25', '2016-05-01 18:59:38', '250.00', '83.33', '0.00', '1    ', '1', NULL, NULL),
(58, 1, 5, 10, '2016-03-25', '2016-05-30 09:49:04', '166.67', '83.33', '0.00', '1      ', '1', NULL, NULL),
(59, 1, 5, 11, '2016-04-25', '2016-05-30 09:49:29', '83.33', '83.33', '0.00', '1      ', '1', NULL, NULL),
(60, 1, 5, 12, '2016-05-25', '2016-05-30 09:49:49', '0.00', '83.33', '0.00', '1      ', '1', NULL, NULL),
(61, 1, 6, 1, '2015-05-29', '2016-05-01 20:25:36', '1237.50', '112.51', '0.00', '1    ', '1', NULL, NULL),
(62, 1, 6, 2, '2015-06-29', '2016-05-01 20:25:41', '1125.00', '112.51', '0.00', '1    ', '1', NULL, NULL),
(63, 1, 6, 3, '2015-07-29', '2016-05-01 20:25:47', '1012.50', '112.51', '0.00', '1    ', '1', NULL, NULL),
(64, 1, 6, 4, '2015-08-29', '2016-05-01 20:25:52', '900.00', '112.51', '0.00', '1    ', '1', NULL, NULL),
(65, 1, 6, 5, '2015-09-29', '2016-05-01 20:25:57', '787.50', '112.51', '0.00', '1    ', '1', NULL, NULL),
(66, 1, 6, 6, '2015-10-29', '2016-05-01 20:26:03', '675.00', '112.51', '0.00', '1    ', '1', NULL, NULL),
(67, 1, 6, 7, '2015-11-29', '2016-05-01 20:26:08', '562.50', '112.51', '0.00', '1    ', '1', NULL, NULL),
(68, 1, 6, 8, '2015-12-29', '2016-05-01 20:26:14', '450.00', '112.51', '0.00', '1    ', '1', NULL, NULL),
(69, 1, 6, 9, '2016-01-29', '2016-05-01 20:26:44', '337.50', '112.51', '0.00', '1    ', '1', NULL, NULL),
(70, 1, 6, 10, '2016-02-29', '2016-05-01 20:27:12', '225.00', '112.51', '0.00', '1    ', '1', NULL, NULL),
(71, 1, 6, 11, '2016-03-29', '2016-05-01 20:27:24', '112.50', '112.51', '0.00', '1    ', '1', NULL, NULL),
(72, 1, 6, 12, '2016-04-29', '2016-05-01 20:27:30', '0.00', '112.51', '0.00', '1    ', '1', NULL, NULL),
(73, 1, 7, 1, '2016-05-18', '2016-05-01 21:15:58', '0.00', '1700.00', '0.00', '1    ', '1', NULL, NULL),
(77, 1, 8, 1, '2016-05-18', '2016-05-18 16:32:20', '0.00', '670.00', '0.00', '1      ', '1', NULL, NULL),
(78, 1, 9, 1, '2016-05-18', '2016-05-18 12:05:20', '0.00', '1700.00', '0.00', '1      ', '1', NULL, NULL),
(79, 1, 10, 1, '2016-05-18', '2016-05-18 12:06:23', '0.00', '1700.00', '0.00', '1      ', '1', NULL, NULL),
(80, 1, 11, 1, '2016-05-18', '2016-05-17 09:55:28', '0.00', '1700.00', '0.00', '1 ENTREGADO A JOSE CELSO SANCHEZ DURAN, DNI 27904680      ', '1', NULL, NULL),
(81, 1, 12, 1, '2016-05-27', '2016-05-26 12:23:55', '0.00', '1700.00', '0.00', '1      ', '1', NULL, NULL),
(82, 1, 13, 1, '2016-05-27', '2016-05-12 16:51:49', '0.00', '1700.00', '0.00', '1      ', '1', NULL, NULL),
(83, 45, 14, 1, '2016-09-24', '2016-10-13 10:56:30', '0.00', '1700.00', '0.00', '1  ', '1', NULL, NULL),
(85, 45, 16, 1, '2016-09-28', '2016-10-13 10:56:05', '0.00', '1700.00', '0.00', '1  ', '1', NULL, NULL),
(86, 45, 17, 1, '2016-09-28', '2016-11-04 10:40:02', '0.00', '1700.00', '0.00', '1  ', '1', NULL, NULL),
(87, 45, 18, 1, '2016-12-22', '2016-12-28 16:00:40', '0.00', '1700.00', '0.00', '1  ', '1', NULL, NULL),
(88, 45, 19, 1, '2016-09-28', '2016-10-03 17:15:11', '0.00', '1700.00', '0.00', '1  ', '1', NULL, NULL),
(89, 45, 20, 1, '2016-12-18', '2017-01-04 11:18:06', '0.00', '1700.00', '0.00', '1  ', '1', NULL, NULL),
(90, 45, 21, 1, '2016-12-28', '2017-01-12 16:22:58', '0.00', '1700.00', '0.00', '1  ', '1', NULL, NULL),
(91, 45, 22, 1, '2016-12-28', '2017-03-20 16:15:52', '0.00', '1700.00', '0.00', '1          ', '1', NULL, NULL),
(92, 45, 23, 1, '2016-12-28', '2017-05-11 10:34:22', '0.00', '1700.00', '0.00', '1          ', '1', NULL, NULL),
(93, 45, 24, 1, '2016-12-28', '2017-05-11 10:34:55', '0.00', '1700.00', '0.00', '1          ', '1', NULL, NULL),
(94, 45, 25, 1, '2017-01-16', '2017-01-16 17:11:49', '0.00', '1700.00', '0.00', '1  ', '1', NULL, NULL),
(95, 45, 26, 1, '2017-01-16', '2017-01-16 10:39:58', '0.00', '1700.00', '0.00', '1  ', '1', NULL, NULL),
(96, 45, 27, 1, '2017-01-26', '2017-03-20 16:30:50', '0.00', '1700.00', '0.00', '1          ', '1', NULL, NULL),
(97, 45, 28, 1, '2017-01-29', '2017-05-11 10:44:09', '0.00', '1700.00', '0.00', '          ', '1', NULL, NULL),
(98, 45, 29, 1, '2017-02-19', '2017-03-06 10:30:01', '0.00', '1700.00', '0.00', '1          ', '1', NULL, NULL),
(99, 45, 30, 1, '2017-02-22', '2017-02-07 11:09:01', '0.00', '1700.00', '0.00', '1          ', '1', NULL, NULL),
(100, 45, 31, 1, '2017-03-07', '2017-05-11 10:47:28', '0.00', '1700.00', '0.00', '1          ', '1', NULL, NULL),
(101, 45, 32, 2, '2017-03-07', '2017-05-11 10:51:13', '0.00', '1700.00', '0.00', '1          ', '1', NULL, NULL),
(102, 1, 33, 1, '2016-08-08', '2016-08-23 12:13:25', '850.00', '850.00', '0.00', '1  Primera cuota pagada el 27 de julio 2016  Primera cuota pagada el 27 de julio 2016  Primera cuota pagada el 27 de jul', '1', NULL, NULL),
(103, 45, 33, 2, '2017-03-08', '2017-05-11 10:50:35', '0.00', '850.00', '0.00', '1          ', '1', NULL, NULL),
(105, 45, 15, 1, '2016-09-24', '2016-09-21 16:46:37', '0.00', '1700.00', '0.00', '1  ', '1', NULL, NULL),
(106, 45, 35, 1, '2017-05-20', '2017-05-03 15:44:46', '0.00', '1700.00', '0.00', '1          ', '1', NULL, NULL),
(107, 45, 34, 1, '2017-05-20', '2017-05-23 15:18:35', '0.00', '1700.00', '0.00', '1          ', '1', NULL, NULL),
(108, 45, 37, 1, '2017-05-30', '2017-05-29 16:21:30', '0.00', '1700.00', '0.00', '1          ', '1', NULL, NULL),
(110, 45, 36, 1, '2017-05-30', '2017-06-01 13:21:03', '0.00', '1700.00', '0.00', '1          ', '1', NULL, NULL),
(111, 45, 38, 1, '2017-06-14', '2017-06-27 12:05:54', '0.00', '1700.00', '0.00', '1          ', '1', NULL, NULL),
(113, 45, 39, 1, '2017-07-26', '2017-07-31 10:44:20', '0.00', '1000.00', '0.00', '35          ', '1', NULL, NULL),
(115, 45, 40, 1, '2017-07-26', '2017-09-27 12:42:03', '0.00', '1700.00', '0.00', '35          ', '1', NULL, NULL),
(116, 45, 41, 1, '2017-07-27', '2017-09-27 12:42:37', '0.00', '1700.00', '0.00', '35          ', '1', NULL, NULL),
(117, 45, 42, 1, '2017-08-12', '2017-08-09 12:02:13', '0.00', '1700.00', '0.00', '1          ', '1', NULL, NULL),
(118, 45, 43, 1, '2017-09-20', '2017-07-25 16:06:15', '0.00', '1700.00', '0.00', '45          ', '1', NULL, NULL),
(119, 45, 44, 1, '2017-09-26', '2018-03-27 10:22:47', '0.00', '425.00', '0.00', '45  ', '1', NULL, NULL),
(120, 45, 45, 1, '2017-10-11', '2017-10-09 10:50:11', '0.00', '1700.00', '0.00', '45          ', '1', NULL, NULL),
(121, 45, 47, 1, '2017-10-11', '2019-08-06 10:44:27', '0.00', '1700.00', '0.00', '45  ', '1', NULL, NULL),
(122, 45, 46, 1, '2017-10-11', '2017-10-09 10:49:29', '0.00', '1700.00', '0.00', '45          ', '1', NULL, NULL),
(124, 45, 50, 1, '2017-11-03', NULL, '0.00', '1829.88', '0.00', NULL, '0', NULL, NULL),
(125, 45, 49, 1, '2017-11-12', '2017-11-11 12:03:36', '0.00', '1700.00', '0.00', '45          ', '1', NULL, NULL),
(126, 45, 53, 1, '2017-12-23', '2017-12-29 14:16:11', '0.00', '1700.00', '0.00', '  ', '1', NULL, NULL),
(129, 45, 51, 1, '2018-01-09', '2018-01-22 10:00:06', '0.00', '1700.00', '0.00', '  ', '1', NULL, NULL),
(130, 45, 48, 1, '2017-10-11', '2017-10-17 12:30:21', '0.00', '1200.00', '0.00', '45          ', '1', NULL, NULL),
(131, 45, 52, 1, '2018-01-09', '2018-01-19 16:22:58', '0.00', '1700.00', '0.00', '  ', '1', NULL, NULL),
(132, 45, 54, 1, '2018-01-16', '2018-01-19 16:21:33', '0.00', '1700.00', '0.00', '45  ', '1', NULL, NULL),
(133, 45, 55, 1, '2018-02-22', '2018-02-12 11:21:11', '0.00', '5525.00', '0.00', '45  ', '1', NULL, NULL),
(134, 45, 56, 1, '2018-02-17', '2018-02-12 11:19:51', '0.00', '1700.00', '0.00', '  ', '1', NULL, NULL),
(135, 45, 57, 1, '2018-02-13', '2018-02-19 10:11:40', '0.00', '625.00', '0.00', '45  ', '1', NULL, NULL),
(136, 45, 58, 1, '2018-03-03', '2018-03-08 09:33:38', '0.00', '1700.75', '0.00', '  ', '1', NULL, NULL),
(137, 45, 59, 1, '2018-04-10', '2018-04-25 09:35:16', '0.00', '850.00', '0.00', '45  ', '1', NULL, NULL),
(138, 45, 60, 1, '2018-05-29', '2018-05-21 18:29:53', '0.00', '1700.00', '0.00', '45  ', '1', NULL, NULL),
(139, 45, 61, 1, '2018-05-29', '2018-05-22 10:43:14', '0.00', '1700.00', '0.00', '45  ', '1', NULL, NULL),
(140, 45, 62, 1, '2018-05-29', '2018-05-24 17:52:53', '0.00', '1700.00', '0.00', '45  ', '1', NULL, NULL),
(141, 45, 63, 1, '2018-05-29', '2018-05-22 10:45:17', '0.00', '1700.00', '0.00', '45  ', '1', NULL, NULL),
(142, 45, 64, 1, '2018-06-12', '2018-06-20 17:31:16', '0.00', '1700.00', '0.00', '45  ', '1', NULL, NULL),
(143, 45, 65, 1, '2018-06-22', '2018-06-16 11:53:10', '0.00', '1700.00', '0.00', '45  ', '1', NULL, NULL),
(144, 45, 66, 1, '2018-06-30', '2018-06-02 10:48:29', '0.00', '1700.00', '0.00', '45  ', '1', NULL, NULL),
(145, 45, 67, 1, '2018-06-30', '2018-06-02 10:49:49', '0.00', '1700.00', '0.00', '45  ', '1', NULL, NULL),
(146, 45, 69, 1, '2018-06-30', '2018-05-14 10:00:57', '0.00', '1700.00', '0.00', '45  ', '1', NULL, NULL),
(147, 45, 70, 1, '2018-07-26', NULL, '0.00', '1700.00', '0.00', '45', '0', NULL, NULL),
(148, 45, 71, 1, '2018-08-04', '2018-08-02 12:08:00', '0.00', '1000.00', '0.00', '45  ', '1', NULL, NULL),
(149, 45, 68, 1, '2018-08-04', NULL, '0.00', '1700.00', '0.00', NULL, '0', NULL, NULL),
(153, 45, 72, 1, '2018-10-02', '2018-09-17 12:06:35', '0.00', '1700.00', '0.00', '  ', '1', NULL, NULL),
(154, 45, 73, 1, '2018-10-04', '2018-10-08 18:10:42', '0.00', '1700.00', '0.00', '45  ', '1', NULL, NULL),
(155, 45, 74, 1, '2018-10-04', '2018-10-08 18:12:11', '0.00', '1700.00', '0.00', '45  ', '1', NULL, NULL),
(156, 45, 75, 1, '2018-10-06', '2018-10-08 18:13:32', '0.00', '1700.00', '0.00', '45  ', '1', NULL, NULL),
(157, 45, 76, 1, '2018-10-13', '2018-10-18 17:03:27', '0.00', '1700.00', '0.00', '45  ', '1', NULL, NULL),
(158, 45, 77, 1, '2018-10-13', '2018-10-18 17:05:29', '0.00', '1700.00', '0.00', '45  ', '1', NULL, NULL),
(159, 45, 78, 1, '2018-10-09', '2018-10-24 12:26:46', '0.00', '1700.00', '0.00', '  ', '1', NULL, NULL),
(160, 45, 79, 1, '2018-10-18', '2018-11-26 11:47:06', '0.00', '2500.00', '0.00', '45  ', '1', NULL, NULL),
(161, 45, 80, 1, '2018-11-02', NULL, '0.00', '1700.00', '0.00', '45', '0', NULL, NULL),
(162, 45, 81, 1, '2018-11-02', NULL, '0.00', '1700.00', '0.00', '45', '0', NULL, NULL),
(163, 45, 82, 1, '2018-11-20', '2018-11-22 11:40:30', '0.00', '2500.00', '0.00', '45  ', '1', NULL, NULL),
(164, 45, 83, 1, '2018-12-04', '2018-11-27 12:25:10', '0.00', '2500.00', '0.00', '45  ', '1', NULL, NULL),
(165, 45, 84, 1, '2018-10-18', '2018-10-18 17:11:35', '0.00', '1700.00', '0.00', '45  ', '1', NULL, NULL),
(166, 45, 85, 1, '2018-10-20', '2018-11-22 11:51:39', '0.00', '1700.00', '0.00', '45  ', '1', NULL, NULL),
(167, 45, 86, 1, '2018-10-24', '2018-11-30 09:29:14', '0.00', '1700.00', '0.00', '45  ', '1', NULL, NULL),
(168, 45, 87, 1, '2018-12-04', '2018-12-04 17:33:58', '0.00', '1700.00', '0.00', '45  ', '1', NULL, NULL),
(169, 45, 88, 1, '2018-10-14', '2018-12-27 09:26:47', '0.00', '2500.00', '0.00', '45  ', '1', NULL, NULL),
(170, 45, 89, 1, '2018-10-30', '2018-11-27 10:53:39', '0.00', '1700.00', '0.00', '45  ', '1', NULL, NULL),
(171, 45, 90, 1, '2018-10-24', '2018-09-20 16:53:50', '0.00', '1700.00', '0.00', '45  ', '1', NULL, NULL),
(172, 45, 91, 1, '2017-11-24', '2017-12-26 12:06:55', '1558.33', '141.67', '0.00', '45  ', '1', NULL, NULL),
(173, 45, 91, 2, '2017-12-24', '2017-12-26 12:06:02', '1416.67', '141.67', '0.00', '45  ', '1', NULL, NULL),
(174, 45, 91, 3, '2018-01-24', '2018-02-07 15:35:36', '1275.00', '141.67', '0.00', '45  ', '1', NULL, NULL),
(175, 45, 91, 4, '2018-02-24', '2018-03-12 09:01:21', '1133.33', '141.67', '0.00', '45  ', '1', NULL, NULL),
(176, 45, 91, 5, '2018-03-24', '2018-05-08 16:44:53', '991.67', '141.67', '0.00', '45  ', '1', NULL, NULL),
(177, 45, 91, 6, '2018-04-24', '2018-05-08 16:45:46', '850.00', '141.67', '0.00', '45  ', '1', NULL, NULL),
(178, 45, 91, 7, '2018-05-24', '2018-08-02 12:16:56', '708.33', '141.67', '0.00', '45  ', '1', NULL, NULL),
(179, 45, 91, 8, '2018-06-24', '2018-08-02 12:18:53', '566.67', '141.67', '0.00', '45  ', '1', NULL, NULL),
(180, 45, 91, 9, '2018-07-24', '2018-08-02 12:20:59', '425.00', '141.67', '0.00', '45  ', '1', NULL, NULL),
(181, 45, 91, 10, '2018-08-24', '2018-09-17 12:08:32', '283.33', '141.67', '0.00', '45  ', '1', NULL, NULL),
(182, 45, 91, 11, '2018-09-24', '2018-10-08 18:18:19', '141.67', '141.67', '0.00', '45  ', '1', NULL, NULL),
(183, 45, 91, 12, '2018-10-24', '2018-11-09 18:12:12', '0.00', '141.67', '0.00', '45  ', '1', NULL, NULL),
(184, 45, 92, 1, '2018-10-24', '2018-11-30 09:32:09', '0.00', '2500.00', '0.00', '45  ', '1', NULL, NULL),
(185, 45, 93, 1, '2018-10-16', NULL, '0.00', '1700.00', '0.00', '45', '0', NULL, NULL),
(186, 45, 94, 1, '2018-11-02', '2018-12-27 09:29:42', '0.00', '2500.00', '0.00', '45    ', '1', NULL, NULL),
(187, 45, 95, 1, '2018-10-21', '2018-12-10 09:37:27', '0.00', '1700.00', '0.00', '45  ', '1', NULL, NULL),
(188, 45, 96, 1, '2018-10-13', '2018-12-04 17:29:12', '0.00', '1700.00', '0.00', '45  ', '1', NULL, NULL),
(189, 45, 97, 1, '2018-10-20', '2018-11-26 12:19:20', '0.00', '1700.00', '0.00', '45  ', '1', NULL, NULL),
(190, 45, 98, 1, '2019-01-03', '2018-12-13 11:47:35', '0.00', '2500.00', '0.00', '45  ', '1', NULL, NULL),
(191, 45, 99, 1, '2019-01-03', '2019-01-18 09:50:52', '0.00', '1700.00', '0.00', '45  ', '1', NULL, NULL),
(192, 45, 100, 1, '2019-01-03', '2019-02-06 11:52:43', '0.00', '2500.00', '0.00', '  ', '1', NULL, NULL),
(193, 45, 101, 1, '2018-05-15', '2018-05-07 10:21:44', '1875.00', '625.00', '0.00', '45  ', '1', NULL, NULL),
(194, 45, 101, 2, '2018-08-15', '2018-09-03 16:35:39', '1250.00', '625.00', '0.00', '45  ', '1', NULL, NULL),
(195, 45, 101, 3, '2018-11-15', '2018-11-27 10:57:07', '625.00', '625.00', '0.00', '45  ', '1', NULL, NULL),
(196, 45, 101, 4, '2019-02-15', '2018-12-26 15:36:51', '0.00', '625.00', '0.00', '45  ', '1', NULL, NULL),
(197, 45, 102, 1, '2018-05-15', '2018-05-22 10:30:51', '1275.00', '425.00', '0.00', '45  ', '1', NULL, NULL),
(198, 45, 102, 2, '2018-08-15', '2018-11-09 18:04:15', '850.00', '425.00', '0.00', '45  ', '1', NULL, NULL),
(199, 45, 102, 3, '2018-11-15', '2018-12-17 17:09:05', '425.00', '425.00', '0.00', '45  ', '1', NULL, NULL),
(200, 45, 102, 4, '2019-02-15', '2019-03-26 10:41:06', '0.00', '425.00', '0.00', '45  ', '1', NULL, NULL),
(201, 45, 103, 1, '2018-05-26', '2018-05-25 09:42:43', '1275.00', '425.00', '0.00', '45  ', '1', NULL, NULL),
(202, 45, 103, 2, '2018-08-26', '2018-09-03 16:36:35', '850.00', '425.00', '0.00', '45  ', '1', NULL, NULL),
(203, 45, 103, 3, '2018-11-26', '2018-11-27 10:55:14', '425.00', '425.00', '0.00', '45  ', '1', NULL, NULL),
(204, 45, 103, 4, '2019-02-26', '2019-01-30 10:01:48', '0.00', '425.00', '0.00', '45  ', '1', NULL, NULL),
(205, 45, 104, 1, '2018-06-22', '2018-08-02 12:23:54', '1875.00', '625.00', '0.00', '45  ', '1', NULL, NULL),
(206, 45, 104, 2, '2018-09-22', '2018-08-06 15:39:03', '1250.00', '625.00', '0.00', '45  ', '1', NULL, NULL),
(207, 45, 104, 3, '2018-12-22', '2018-08-06 15:39:11', '625.00', '625.00', '0.00', '45  ', '1', NULL, NULL),
(208, 45, 104, 4, '2019-03-22', '2018-08-06 15:39:16', '0.00', '625.00', '0.00', '45  ', '1', NULL, NULL),
(209, 45, 105, 1, '2018-06-15', '2018-06-05 11:56:26', '1875.00', '625.00', '0.00', '45  ', '1', NULL, NULL),
(210, 45, 105, 2, '2018-09-15', '2018-10-08 18:16:21', '1250.00', '625.00', '0.00', '45  ', '1', NULL, NULL),
(211, 45, 105, 3, '2018-12-15', '2018-12-27 09:26:05', '625.00', '625.00', '0.00', '45  ', '1', NULL, NULL),
(212, 45, 105, 4, '2019-03-15', '2019-03-23 10:42:11', '0.00', '625.00', '0.00', '45  ', '1', NULL, NULL),
(213, 45, 106, 1, '2018-07-06', '2018-06-20 17:42:51', '1875.00', '625.00', '0.00', '45  ', '1', NULL, NULL),
(214, 45, 106, 2, '2018-10-06', '2018-10-08 18:19:10', '1250.00', '625.00', '0.00', '45  ', '1', NULL, NULL),
(215, 45, 106, 3, '2019-01-06', '2019-01-18 09:55:28', '625.00', '625.00', '0.00', '45  ', '1', NULL, NULL),
(216, 45, 106, 4, '2019-04-06', '2019-05-17 09:27:56', '0.00', '625.00', '0.00', '45  ', '1', NULL, NULL),
(217, 45, 107, 1, '2018-07-16', '2018-08-02 12:25:27', '1275.00', '425.00', '0.00', '45  ', '1', NULL, NULL),
(218, 45, 107, 2, '2018-10-16', '2018-10-18 17:10:30', '850.00', '425.00', '0.00', '45  ', '1', NULL, NULL),
(219, 45, 107, 3, '2019-01-16', '2019-01-21 17:51:40', '425.00', '425.00', '0.00', '45  ', '1', NULL, NULL),
(220, 45, 107, 4, '2019-04-16', '2019-05-06 16:16:02', '0.00', '425.00', '0.00', '45  ', '1', NULL, NULL),
(221, 45, 108, 1, '2018-07-27', '2018-08-03 17:50:10', '1875.00', '625.00', '0.00', '45  ', '1', NULL, NULL),
(222, 45, 108, 2, '2018-10-27', '2018-11-08 16:07:52', '1250.00', '625.00', '0.00', '45  ', '1', NULL, NULL),
(223, 45, 108, 3, '2019-01-27', '2019-03-23 10:44:22', '625.00', '625.00', '0.00', '45  ', '1', NULL, NULL),
(224, 45, 108, 4, '2019-04-27', '2019-03-23 10:48:33', '0.00', '625.00', '0.00', '45    ', '1', NULL, NULL),
(225, 45, 109, 1, '2018-07-27', '2019-05-27 16:44:37', '1275.00', '425.00', '0.00', '45  ', '0', NULL, NULL),
(226, 45, 109, 2, '2018-10-27', '2019-05-27 16:44:43', '850.00', '425.00', '0.00', '45  ', '0', NULL, NULL),
(227, 45, 109, 3, '2019-01-27', '2019-05-27 16:44:49', '425.00', '425.00', '0.00', '45  ', '0', NULL, NULL),
(228, 45, 109, 4, '2019-04-27', '2019-05-27 16:44:53', '0.00', '425.00', '0.00', '45  ', '0', NULL, NULL),
(229, 45, 110, 1, '2018-08-07', '2018-09-03 16:33:30', '1275.00', '369.75', '0.00', '45  ', '1', NULL, NULL),
(230, 45, 110, 2, '2018-11-07', NULL, '850.00', '369.75', '0.00', '45  ', '0', NULL, NULL),
(231, 45, 110, 3, '2019-02-07', NULL, '425.00', '369.75', '0.00', '45    ', '0', NULL, NULL),
(232, 45, 111, 1, '2018-06-30', '2018-05-21 10:10:15', '0.00', '1700.00', '0.00', '45  ', '1', NULL, NULL),
(233, 45, 112, 1, '2018-08-04', '2018-09-03 16:40:42', '1275.00', '425.00', '0.00', '45  ', '1', NULL, NULL),
(234, 45, 112, 2, '2018-11-04', '2018-11-09 18:11:28', '850.00', '425.00', '0.00', '45  ', '1', NULL, NULL),
(235, 45, 112, 3, '2019-02-04', '2019-02-21 10:56:28', '425.00', '425.00', '0.00', '45  ', '1', NULL, NULL),
(236, 45, 112, 4, '2019-05-04', '2019-07-17 09:00:59', '0.00', '425.00', '0.00', '45  ', '1', NULL, NULL),
(237, 45, 113, 1, '2018-08-30', '2018-09-03 17:07:57', '1275.00', '425.00', '0.00', '45  ', '1', NULL, NULL),
(238, 45, 113, 2, '2018-11-30', '2018-12-10 09:56:46', '850.00', '425.00', '0.00', '45  ', '1', NULL, NULL),
(239, 45, 113, 3, '2019-02-28', '2019-03-06 08:49:22', '425.00', '425.00', '0.00', '45  ', '1', NULL, NULL),
(240, 45, 113, 4, '2019-05-30', '2019-06-10 17:04:19', '0.00', '425.00', '0.00', '45  ', '1', NULL, NULL),
(241, 45, 114, 1, '2018-12-27', '2019-07-04 18:35:33', '1250.00', '1250.00', '0.00', '45  ', '1', NULL, NULL),
(242, 45, 114, 2, '2019-06-27', '2019-07-04 18:35:39', '0.00', '1250.00', '0.00', '45  ', '1', NULL, NULL),
(243, 45, 115, 1, '2019-06-16', '2019-08-08 16:53:18', '0.00', '2500.00', '0.00', '45  ', '1', NULL, NULL),
(244, 45, 116, 1, '2019-07-06', NULL, '0.00', '2500.00', '0.00', '45', '0', NULL, NULL),
(245, 45, 117, 1, '2019-06-30', '2019-07-04 18:39:58', '0.00', '2500.00', '0.00', '45  ', '1', NULL, NULL),
(246, 45, 118, 1, '2019-01-06', NULL, '1250.00', '1250.00', '0.00', '45', '0', NULL, NULL),
(247, 45, 118, 2, '2019-07-06', NULL, '0.00', '1250.00', '0.00', '45', '0', NULL, NULL),
(248, 45, 119, 1, '2019-07-20', NULL, '0.00', '2500.00', '0.00', '45', '0', NULL, NULL),
(249, 45, 120, 1, '2019-02-15', '2019-01-31 17:36:43', '850.00', '850.00', '0.00', '45  ', '1', NULL, NULL),
(250, 45, 120, 2, '2019-08-15', '2019-08-19 10:29:54', '0.00', '850.00', '0.00', '45  ', '1', NULL, NULL),
(251, 45, 121, 1, '2019-02-15', '2019-01-31 17:38:19', '850.00', '850.00', '0.00', '45  ', '1', NULL, NULL),
(252, 45, 121, 2, '2019-08-15', '2019-08-08 10:21:25', '0.00', '850.00', '0.00', '45  ', '1', NULL, NULL),
(253, 45, 122, 1, '2019-08-09', '2019-07-31 09:58:02', '0.00', '1700.00', '0.00', '45  ', '1', NULL, NULL),
(254, 45, 123, 1, '2018-11-13', '2018-11-30 10:24:34', '915.00', '305.00', '0.00', '45  ', '1', NULL, NULL),
(255, 45, 123, 2, '2019-02-13', '2019-02-18 09:29:01', '610.00', '305.00', '0.00', '45  ', '1', NULL, NULL),
(256, 45, 123, 3, '2019-05-13', '2019-08-19 10:02:14', '305.00', '305.00', '0.00', '45  ', '1', NULL, NULL),
(257, 45, 123, 4, '2019-08-13', '2019-08-19 10:02:23', '0.00', '305.00', '0.00', '45  ', '1', NULL, NULL),
(258, 45, 124, 1, '2019-03-10', NULL, '1250.00', '1250.00', '0.00', '45', '0', NULL, NULL),
(259, 45, 124, 2, '2019-09-10', NULL, '0.00', '1250.00', '0.00', '45', '0', NULL, NULL),
(260, 45, 125, 1, '2019-03-26', NULL, '850.00', '850.00', '0.00', '45', '0', NULL, NULL),
(261, 45, 125, 2, '2019-09-26', NULL, '0.00', '850.00', '0.00', '45', '0', NULL, NULL),
(262, 45, 126, 1, '2019-10-05', NULL, '0.00', '2500.00', '0.00', '45', '0', NULL, NULL),
(263, 45, 127, 1, '2019-04-06', '2019-04-08 08:50:55', '535.00', '535.00', '0.00', '45  ', '1', NULL, NULL),
(264, 45, 127, 2, '2019-10-06', NULL, '0.00', '535.00', '0.00', '45', '0', NULL, NULL),
(265, 45, 128, 1, '2019-04-16', '2019-04-22 09:05:43', '850.00', '850.00', '0.00', '45  ', '1', NULL, NULL),
(266, 45, 128, 2, '2019-10-16', NULL, '0.00', '850.00', '0.00', '45', '0', NULL, NULL),
(267, 45, 129, 1, '2019-10-05', NULL, '0.00', '2500.00', '0.00', '45', '0', NULL, NULL),
(268, 45, 130, 1, '2019-10-05', NULL, '0.00', '2500.00', '0.00', '45', '0', NULL, NULL),
(269, 45, 131, 1, '2019-10-10', NULL, '0.00', '2500.00', '0.00', '45', '0', NULL, NULL),
(270, 45, 132, 1, '2019-10-13', '2018-11-08 17:33:33', '0.00', '1700.00', '0.00', '45  ', '1', NULL, NULL),
(271, 45, 133, 1, '2019-10-16', NULL, '0.00', '2500.00', '0.00', '45', '0', NULL, NULL),
(272, 45, 135, 1, '2019-10-20', NULL, '0.00', '2500.00', '0.00', '45', '0', NULL, NULL),
(273, 45, 136, 1, '2019-10-27', NULL, '0.00', '2500.00', '0.00', '45', '0', NULL, NULL),
(274, 45, 137, 1, '2019-10-27', NULL, '0.00', '2500.00', '0.00', '45', '0', NULL, NULL),
(275, 45, 138, 1, '2019-11-05', NULL, '0.00', '2500.00', '0.00', '45', '0', NULL, NULL),
(276, 45, 139, 1, '2019-11-22', NULL, '0.00', '2500.00', '0.00', '45', '0', NULL, NULL),
(277, 45, 140, 1, '2019-11-13', NULL, '0.00', '2500.00', '0.00', '45', '0', NULL, NULL),
(278, 45, 141, 1, '2019-11-25', NULL, '0.00', '2500.00', '0.00', '45', '0', NULL, NULL),
(279, 45, 142, 2, '2019-02-13', '2019-02-13 09:16:56', '1875.00', '625.00', '0.00', '45  ', '1', NULL, NULL),
(280, 45, 142, 3, '2019-05-13', '2019-05-15 15:40:03', '1250.00', '625.00', '0.00', '45  ', '1', NULL, NULL),
(281, 45, 142, 4, '2019-08-13', '2019-08-09 09:45:47', '625.00', '625.00', '0.00', '45  ', '1', NULL, NULL),
(282, 45, 142, 5, '2019-11-13', NULL, '0.00', '625.00', '0.00', '45', '0', NULL, NULL),
(283, 45, 143, 1, '2019-11-21', NULL, '0.00', '2500.00', '0.00', '45', '0', NULL, NULL),
(284, 45, 144, 1, '2019-11-09', NULL, '0.00', '1051.00', '0.00', '45', '0', NULL, NULL),
(285, 45, 145, 1, '2019-05-12', '2019-06-18 16:13:15', '850.00', '850.00', '0.00', '45  ', '1', NULL, NULL),
(286, 45, 145, 2, '2019-11-12', NULL, '0.00', '850.00', '0.00', '45', '0', NULL, NULL),
(287, 45, 146, 1, '2019-12-24', NULL, '0.00', '2500.00', '0.00', '45', '0', NULL, NULL),
(288, 45, 147, 1, '2019-12-24', NULL, '0.00', '451.00', '0.00', '45', '0', NULL, NULL),
(289, 45, 148, 1, '2020-12-26', NULL, '0.00', '2500.00', '0.00', '', '0', NULL, NULL),
(290, 45, 149, 1, '2020-01-13', NULL, '0.00', '2500.00', '0.00', '45', '0', NULL, NULL),
(291, 45, 150, 1, '2019-12-24', NULL, '0.00', '2500.00', '0.00', '45', '0', NULL, NULL),
(292, 45, 151, 1, '2020-01-22', NULL, '0.00', '2500.00', '0.00', '45', '0', NULL, NULL),
(293, 45, 152, 1, '2020-01-02', NULL, '0.00', '2500.00', '0.00', '45', '0', NULL, NULL),
(294, 45, 153, 1, '2020-01-13', NULL, '0.00', '2500.00', '0.00', '45', '0', NULL, NULL),
(295, 45, 154, 1, '2020-02-04', NULL, '0.00', '2500.00', '0.00', '45', '0', NULL, NULL),
(296, 45, 155, 1, '2018-08-30', '2019-02-28 09:47:28', '1875.00', '625.00', '0.00', '45  ', '1', NULL, NULL),
(297, 45, 155, 2, '2018-11-30', '2019-06-10 17:06:22', '1250.00', '625.00', '0.00', '45  ', '1', NULL, NULL),
(298, 45, 155, 3, '2019-02-28', '2019-06-10 17:06:27', '625.00', '625.00', '0.00', '45  ', '1', NULL, NULL),
(299, 45, 155, 4, '2019-05-30', '2019-09-12 17:32:05', '0.00', '625.00', '0.00', '45  ', '1', NULL, NULL),
(300, 45, 156, 1, '2019-05-04', '2019-06-27 12:01:43', '669.75', '223.25', '0.00', '45  ', '1', NULL, NULL),
(301, 45, 156, 2, '2019-08-04', NULL, '446.50', '223.25', '0.00', '45', '0', NULL, NULL),
(302, 45, 156, 3, '2019-11-04', NULL, '223.25', '223.25', '0.00', '45', '0', NULL, NULL),
(303, 45, 156, 4, '2020-02-04', NULL, '0.00', '223.25', '0.00', '45', '0', NULL, NULL),
(304, 45, 157, 1, '2020-03-20', NULL, '0.00', '1700.00', '0.00', '45', '0', NULL, NULL),
(305, 45, 158, 1, '2019-11-06', NULL, '298.50', '298.51', '0.00', '45', '0', NULL, NULL),
(306, 45, 158, 1, '2020-05-06', NULL, '0.00', '298.51', '0.00', '45', '0', NULL, NULL),
(307, 45, 159, 1, '2019-05-18', '2019-08-19 10:31:12', '1875.00', '625.00', '0.00', '45  ', '1', NULL, NULL),
(308, 45, 159, 2, '2019-08-18', NULL, '1250.00', '625.00', '0.00', '45', '0', NULL, NULL),
(309, 45, 159, 3, '2019-11-18', NULL, '625.00', '625.00', '0.00', '45', '0', NULL, NULL),
(310, 45, 159, 4, '2020-02-18', NULL, '0.00', '625.00', '0.00', '45', '0', NULL, NULL),
(311, 45, 160, 1, '2020-01-21', NULL, '0.00', '1700.00', '0.00', '45', '0', NULL, NULL),
(312, 45, 161, 1, '2020-01-13', NULL, '0.00', '2500.00', '0.00', '45', '0', NULL, NULL),
(313, 45, 162, 1, '2019-08-13', NULL, '374.50', '374.51', '0.00', '45', '0', NULL, NULL),
(314, 45, 162, 2, '2020-02-13', NULL, '0.00', '374.51', '0.00', '45', '0', NULL, NULL),
(315, 45, 163, 1, '2019-04-21', '2019-08-23 10:29:29', '668.25', '222.75', '0.00', '45  ', '1', NULL, NULL),
(316, 45, 163, 2, '2019-07-21', '2019-08-23 10:29:34', '445.50', '222.75', '0.00', '45  ', '1', NULL, NULL),
(317, 45, 163, 3, '2019-10-21', '2019-08-23 10:29:43', '222.75', '222.75', '0.00', '45  ', '1', NULL, NULL),
(318, 45, 163, 4, '2020-01-21', '2019-08-23 10:29:47', '0.00', '222.75', '0.00', '45  ', '1', NULL, NULL),
(319, 45, 164, 1, '2019-11-12', NULL, '0.00', '2500.00', '0.00', '45', '0', NULL, NULL),
(320, 1, 110, 1, '2019-05-07', NULL, '0.00', '369.75', '0.00', 'INGRESADO POR SOLICITUD DE MIRIAM', '0', NULL, NULL),
(321, 45, 165, 1, '2019-09-04', NULL, '850.00', '850.00', '0.00', '45', '0', NULL, NULL),
(322, 45, 165, 2, '2020-03-04', NULL, '0.00', '850.00', '0.00', '45', '0', NULL, NULL),
(323, 45, 166, 1, '2018-08-17', '2019-06-10 11:25:22', '465.00', '155.00', '0.00', '45  ', '1', NULL, NULL),
(324, 45, 166, 2, '2018-11-17', '2019-06-10 11:25:30', '310.00', '155.00', '0.00', '45  ', '1', NULL, NULL),
(325, 45, 166, 3, '2019-02-17', '2019-06-10 11:25:35', '155.00', '155.00', '0.00', '45  ', '1', NULL, NULL),
(326, 45, 166, 4, '2019-05-17', '2019-06-10 11:25:40', '0.00', '155.00', '0.00', '45  ', '1', NULL, NULL),
(327, 45, 167, 1, '2020-01-29', NULL, '0.00', '1700.00', '0.00', '45', '0', NULL, NULL),
(328, 45, 168, 1, '2020-06-03', '2019-06-21 18:06:16', '0.00', '2500.00', '0.00', '45  ', '1', NULL, NULL),
(329, 45, 169, 1, '2020-03-18', NULL, '0.00', '2500.00', '0.00', '45', '0', NULL, NULL),
(330, 45, 170, 1, '2020-03-15', NULL, '0.00', '1700.00', '0.00', '45', '0', NULL, NULL),
(331, 45, 171, 1, '2019-06-15', '2019-07-31 10:05:19', '1875.00', '625.00', '0.00', '45  ', '1', NULL, NULL),
(332, 45, 171, 2, '2019-09-15', '2019-09-18 12:48:01', '1250.00', '625.00', '0.00', '45  ', '1', NULL, NULL),
(333, 45, 171, 3, '2019-12-15', NULL, '625.00', '625.00', '0.00', '45', '0', NULL, NULL),
(334, 45, 171, 4, '2020-03-15', NULL, '0.00', '625.00', '0.00', '45', '0', NULL, NULL),
(335, 45, 172, 1, '2020-03-04', NULL, '0.00', '2500.00', '0.00', '45', '0', NULL, NULL),
(336, 45, 173, 1, '2020-07-08', NULL, '0.00', '2259.00', '0.00', '45', '0', NULL, NULL),
(337, 45, 174, 1, '2020-08-09', NULL, '0.00', '2500.00', '0.00', '45', '0', NULL, NULL),
(338, 45, 175, 1, '2020-08-09', NULL, '0.00', '2500.00', '0.00', '45', '0', NULL, NULL),
(339, 45, 176, 1, '2020-02-09', NULL, '1250.00', '1250.00', '0.00', '45', '0', NULL, NULL),
(340, 45, 176, 2, '2020-08-09', NULL, '0.00', '1250.00', '0.00', '45', '1', NULL, NULL);

-- --------------------------------------------------------

--
-- Estructura de tabla para la tabla `empresas`
--

CREATE TABLE `empresas` (
  `id` int(11) NOT NULL,
  `reportekiva` date NOT NULL
) ENGINE=InnoDB DEFAULT CHARSET=latin1;

--
-- Volcado de datos para la tabla `empresas`
--

INSERT INTO `empresas` (`id`, `reportekiva`) VALUES
(1, '2019-10-12');

-- --------------------------------------------------------

--
-- Estructura de tabla para la tabla `migrations`
--

CREATE TABLE `migrations` (
  `id` int(10) UNSIGNED NOT NULL,
  `migration` varchar(191) COLLATE utf8mb4_unicode_ci NOT NULL,
  `batch` int(11) NOT NULL
) ENGINE=InnoDB DEFAULT CHARSET=utf8mb4 COLLATE=utf8mb4_unicode_ci;

-- --------------------------------------------------------

--
-- Estructura de tabla para la tabla `notifications`
--

CREATE TABLE `notifications` (
  `id` char(36) COLLATE utf8mb4_unicode_ci NOT NULL,
  `type` varchar(191) COLLATE utf8mb4_unicode_ci NOT NULL,
  `notifiable_type` varchar(191) COLLATE utf8mb4_unicode_ci NOT NULL,
  `notifiable_id` bigint(20) UNSIGNED NOT NULL,
  `data` text COLLATE utf8mb4_unicode_ci NOT NULL,
  `read_at` timestamp NULL DEFAULT NULL,
  `created_at` timestamp NULL DEFAULT NULL,
  `updated_at` timestamp NULL DEFAULT NULL
) ENGINE=InnoDB DEFAULT CHARSET=utf8mb4 COLLATE=utf8mb4_unicode_ci;

-- --------------------------------------------------------

--
-- Estructura de tabla para la tabla `password_resets`
--

CREATE TABLE `password_resets` (
  `email` varchar(191) COLLATE utf8mb4_unicode_ci NOT NULL,
  `token` varchar(191) COLLATE utf8mb4_unicode_ci NOT NULL,
  `created_at` timestamp NULL DEFAULT NULL
) ENGINE=InnoDB DEFAULT CHARSET=utf8mb4 COLLATE=utf8mb4_unicode_ci;

-- --------------------------------------------------------

--
-- Estructura de tabla para la tabla `personas`
--

CREATE TABLE `personas` (
  `id` int(10) UNSIGNED NOT NULL,
  `dni` varchar(11) COLLATE utf8mb4_unicode_ci NOT NULL,
  `nombre` varchar(45) COLLATE utf8mb4_unicode_ci NOT NULL,
  `apellidopaterno` varchar(45) COLLATE utf8mb4_unicode_ci NOT NULL,
  `apellidomaterno` varchar(45) COLLATE utf8mb4_unicode_ci NOT NULL,
  `fechanacimiento` date DEFAULT NULL,
  `direccion` varchar(70) COLLATE utf8mb4_unicode_ci DEFAULT NULL,
  `descripcion` varchar(100) COLLATE utf8mb4_unicode_ci DEFAULT NULL,
  `telefono` varchar(20) COLLATE utf8mb4_unicode_ci DEFAULT NULL,
  `email` varchar(50) COLLATE utf8mb4_unicode_ci DEFAULT NULL,
  `estado` char(1) COLLATE utf8mb4_unicode_ci NOT NULL DEFAULT '1',
  `created_at` timestamp NULL DEFAULT NULL,
  `updated_at` timestamp NULL DEFAULT NULL
) ENGINE=InnoDB DEFAULT CHARSET=utf8mb4 COLLATE=utf8mb4_unicode_ci;

--
-- Volcado de datos para la tabla `personas`
--

INSERT INTO `personas` (`id`, `dni`, `nombre`, `apellidopaterno`, `apellidomaterno`, `fechanacimiento`, `direccion`, `descripcion`, `telefono`, `email`, `estado`, `created_at`, `updated_at`) VALUES
(1, '99999999', 'ADMIN', 'ADMIN', 'ADMIN', NULL, NULL, '', NULL, NULL, '1', NULL, NULL),
(2, '27904107', 'JUAN JOSE', 'CALDERON', 'BURGOS', '1964-05-30', 'Caserío Rancho Grande', 'Crédito para Abono', '-', '-', '1', NULL, NULL),
(3, '27902918', 'ESTANISLAO', 'CALDERON', 'ABANTO', NULL, NULL, '', NULL, NULL, '1', NULL, NULL),
(4, '27915813', 'JORGE ALBERTO', 'PAREDES', 'HONORIO', NULL, NULL, '', NULL, NULL, '1', NULL, NULL),
(5, '27930080', 'JOSE SANTOS', 'VEGA', 'IZQUIERDO', NULL, NULL, '', NULL, NULL, '1', NULL, NULL),
(6, '27928007', 'JUVAEL', 'PAREDES', 'PORTAL', NULL, NULL, '', NULL, NULL, '1', NULL, NULL),
(7, '27929644', 'PRIMITIVO', 'MELENDEZ', 'PAZ', NULL, NULL, '', NULL, NULL, '1', NULL, NULL),
(8, '27902764', 'APARICIO', 'CERNA', 'PAREDES', NULL, NULL, '', NULL, NULL, '1', NULL, NULL),
(9, '27901911', 'MARIA EUFEMIA', 'SANCHEZ', 'TORRES', NULL, NULL, '', NULL, NULL, '1', NULL, NULL),
(10, '80456618', 'HILDA', 'ALARCON', 'VILCHEZ', NULL, NULL, '', NULL, NULL, '1', NULL, NULL),
(11, '27901723', 'DEMETRIO CANDELARIO', 'ABANTO', 'CARRERA', NULL, NULL, '', NULL, NULL, '1', NULL, NULL),
(12, '27901748', 'VALENTIN', 'ABANTO', 'CARRERA', NULL, NULL, '', NULL, NULL, '1', NULL, NULL),
(13, '27902877', 'LINO ANDRES', 'PONCE', 'MEDINA', NULL, NULL, '', NULL, NULL, '1', NULL, NULL),
(14, '27902796', 'SEGUNDO VIRGILIO', 'RUIZ', 'SANCHEZ', NULL, NULL, '', NULL, NULL, '1', NULL, NULL),
(15, '27905054', 'JOSE EUSEBIO', 'RUIZ', 'PORTAL', NULL, NULL, '', NULL, NULL, '1', NULL, NULL),
(16, '27905022', 'JOSÉ VALENTÍN', 'SÁNCHEZ', 'MELÉNDEZ', NULL, NULL, '', NULL, NULL, '1', NULL, NULL),
(17, '46077136', 'TADITA AUDILA', 'MELÉNDEZ', 'MACHUCA', NULL, 'DIR', '', NULL, NULL, '1', NULL, NULL),
(18, '45997675', 'GILBERTO AGAPITO', 'GARCIA', 'HONORIO', NULL, NULL, '', NULL, NULL, '1', NULL, NULL),
(19, '27903790', 'JOSÉ TEOFILO', 'GARCÍA', 'PAJARES', NULL, NULL, '', NULL, NULL, '1', NULL, NULL),
(20, '27907682', 'MARCOS AMADOR', 'BURGOS', 'URBINA', NULL, NULL, '', NULL, NULL, '1', NULL, NULL),
(21, '41803968', 'VILMA MARILU', 'PAREDES', 'PORTAL', NULL, NULL, '', NULL, NULL, '1', NULL, NULL),
(22, '26702047', 'DOMINGO', 'SANCHEZ', 'TANTA', NULL, NULL, '', NULL, NULL, '1', NULL, NULL),
(23, '27929064', 'ROSA VIOLETA', 'MUÑOZ', 'BUENO', NULL, NULL, '', NULL, NULL, '1', NULL, NULL),
(24, '27916604', 'JULIO', 'CABANILLAS', 'ROMERO', NULL, NULL, '', NULL, NULL, '1', NULL, NULL),
(25, '27901578', 'MARIA', 'HERLINDA', 'MUÑOZ', NULL, NULL, '', NULL, NULL, '1', NULL, NULL),
(26, '43728818', 'ERMINDA', 'JARA', 'CHOROCO', NULL, NULL, '', NULL, NULL, '1', NULL, NULL),
(27, '21012004', 'MARIA ESTELA', 'RODRIGUEZ', 'PINEDO', NULL, NULL, '', NULL, NULL, '1', NULL, NULL),
(28, '20962820', 'EVA MARIA', 'ABANTO', 'ARBILDO', NULL, NULL, '', NULL, NULL, '1', NULL, NULL),
(29, '27905558', 'MANUEL JESUS', 'PERALTA', 'TAPIA', NULL, NULL, '', NULL, NULL, '1', NULL, NULL),
(30, '27916819', 'MARINA ALCIRA', 'CARRERA', 'CASTAÑEDA', NULL, NULL, '', NULL, NULL, '1', NULL, NULL),
(31, '42484170', 'CONCEPCION', 'QUILICHE', 'DIAZ', NULL, NULL, '', NULL, NULL, '1', NULL, NULL),
(32, '45175673', 'DANY ALEYCER', 'GALLARDO', 'MERCADO', NULL, NULL, '', NULL, NULL, '1', NULL, NULL),
(33, '27928322', 'JULIO CELSO', 'LIÑAN', 'VERA', NULL, NULL, '', NULL, NULL, '1', NULL, NULL),
(34, '27904022', 'MARIA BENEDICTA', 'MACHUCA', 'RUIZ', NULL, NULL, '', NULL, NULL, '1', NULL, NULL),
(35, '46845049', 'SONIA MARLENI', 'JARA', 'FERNANDEZ', '1191-12-22', 'jr.tupac amaru 069', 'asistente administrativo', '973360168', 'JFERNANDEZSONIA53@GMAIL.COM', '1', NULL, NULL),
(36, '27901626', 'JOSE NICOLAS', 'ABANTO', 'MUÑOZ', '1959-01-25', 'Caserío Saparcón', 'Crédito para Abono orgánico', NULL, NULL, '1', NULL, NULL),
(37, '26622238', 'JOSE ESTANISLAO', 'COTRINA', 'OLANO', '1953-06-27', 'Av. Primavera Nº 100', '', '976384362', 'JOSCOTRI.APT@GMAIL.COM', '1', NULL, NULL),
(38, '46317371', 'MARÍA PILAR BERTILA', 'RUIZ', 'VERA', '1947-10-23', 'El Cedro', 'Crédito Mayo 2016 - Una sola cuota', '948349007', '-', '1', NULL, NULL),
(39, '7730519', 'MARÍA NICOLASA', 'CALDERON', 'BURGOS', NULL, 'Rancho Grande', 'Hermana del Sr. Juan José Calderón burgos', '-', '-', '1', NULL, NULL),
(40, '17730519', 'MARÍA NICOLASA', 'CALDERON', 'BURGOS', '1958-10-30', 'Caserío Rancho Grande', 'Crédito desembolsado el 06-06-2016', '-', '-', '1', NULL, NULL),
(41, '27902763', 'APARICIO', 'CERNA', 'PAREDES', '1954-06-15', 'Caserío El cedro', 'Crédito desembolsado el 14 de Mayo 2016', '948349007', '-', '1', NULL, NULL),
(42, '27905156', 'AURORA ALBERTINA', 'PALOMINO', 'SILVA', '1953-08-07', 'Caserío la Ermita s/n', 'Préstamo Desembolsado el 14 julio 2016', '-', '-', '1', NULL, NULL),
(43, '27902544', 'JOSE DOMINGO', 'CALDERON', 'SILVA', '2016-07-26', 'PROLONGACION MIGUEL GRAU MOLLORCO', 'DESEMBOLSO A PRESTATARIO', '973464555', NULL, '1', NULL, NULL),
(44, '27915436', 'MARIA CECILIA', 'DAVILA', 'ROJAS', '2016-07-26', 'PROLONGACION MIGUEL GRAU MOLLORCO', 'DESEMBOLSO A PRESTATARIO', NULL, NULL, '1', NULL, NULL),
(45, '12341234', 'SAMY', 'BRAVO', 'SANCHEZ', NULL, NULL, '', NULL, NULL, '1', NULL, NULL),
(46, '42257828', 'MARIA FELIPA', 'MACHUCA', 'SANCHEZ', '1983-05-26', 'CASERIO LA TIZA', 'CREDITO OTORGADO EL 20/09/2016', NULL, NULL, '1', NULL, NULL),
(47, '47501375', 'MARIA ZARELA', 'MELENDEZ', 'ABANTO', '1989-03-25', 'CASERIO CATAGON, SAN MARCOS', 'CRÉDITO OTORGADO A SOCIO', NULL, NULL, '1', NULL, NULL),
(48, '27904680', 'JOSE CELSO', 'SALAS', 'DURAN', NULL, NULL, '', NULL, NULL, '1', NULL, NULL),
(49, '27929719', 'FELICITAS', 'ABANTO', 'TERRONES', NULL, NULL, 'PRESTAMO A ESPOSA DE SOCIO', NULL, NULL, '1', NULL, NULL),
(50, '43544866', 'MARIA ROSA', 'SEMPERTEGUI', 'ROJAS', '1967-09-19', NULL, 'PRÉSTAMO A ESPOSA DE SOCIO', NULL, NULL, '1', NULL, NULL),
(51, '44840013', 'SAMY SOCORRO', 'BRAVO', 'SANCHEZ', '1988-02-04', 'JR. ESPINAR , SAN MARCOS', 'PRÉSTAMO A HIJA DE SOCIO.', '968966378', 'SHOQUITOBRAVO@GMAIL.COM', '1', NULL, NULL),
(52, '33333333', 'SAMY', 'BRAVO', 'SANCHEZ', NULL, NULL, '', NULL, NULL, '1', NULL, NULL),
(53, '80030503', 'MARIA JUANA', 'PASTOR', 'SÁNCHEZ', '1974-10-27', NULL, '', NULL, NULL, '1', NULL, NULL),
(54, '42713896', 'JOEL', 'ALVARES', 'CASTRO', '1984-10-29', 'CASERIO SAPARCON', '', '972317067', NULL, '1', NULL, NULL),
(55, '27908527', 'MARIA ROSARIO', 'LEYVA', 'DE BURGOS', '1950-10-04', NULL, '', NULL, NULL, '1', NULL, NULL),
(56, '27916556', 'FAUSTO', 'QUIROZ', 'PAREDES', '1989-08-05', 'Caserío La Tiza', '', '27916556', NULL, '1', NULL, NULL),
(57, '45089846', 'FELIPE  EDUARDO', 'ABANTO', 'RIOS', NULL, 'CASERIO SAPARCON', '', NULL, NULL, '1', NULL, NULL),
(58, '74131965', 'MILY', 'VERA', 'CARRERA', '1995-08-09', NULL, '', NULL, NULL, '1', NULL, NULL),
(59, '45127097', 'LUCY MAGALY', 'VALDEZ', 'VALDERRAMA', '1987-08-11', NULL, '', NULL, NULL, '1', NULL, NULL),
(60, '47173380', 'MARIA ENAMI', 'SANCHEZ', 'MACHUCA', NULL, NULL, '', '942714180', NULL, '1', NULL, NULL),
(61, '43544854', 'YANET MARITZA', 'QUISPE', 'URBINA', NULL, NULL, '', NULL, NULL, '1', NULL, NULL),
(62, '19333366', 'DORIS ELISA', 'VALENCIA', 'BARRERA', NULL, NULL, '', NULL, NULL, '1', NULL, NULL),
(63, '27927897', 'VICTOR JESUS', 'MACHUCA', 'RUIZ', NULL, NULL, '', NULL, NULL, '1', NULL, NULL),
(64, '40668373', 'TOMASA', 'MELENDEZ', 'MACHUCA', NULL, NULL, '', NULL, NULL, '1', NULL, NULL),
(65, '27930219', 'ADRIANA', 'CERNA', 'RUIZ', NULL, NULL, '', NULL, NULL, '1', NULL, NULL),
(66, '27906426', 'ROSA JUSTINA', 'LEIVA', 'DE PERALTA', NULL, NULL, '', NULL, NULL, '1', NULL, NULL),
(67, '42689305', 'SANTOS TERESA', 'FLORES', 'RUBIO', NULL, NULL, '', NULL, NULL, '1', NULL, NULL),
(68, '80457227', 'ENRIQUE', 'HORNA', 'MELENDEZ', NULL, NULL, '', NULL, NULL, '1', NULL, NULL),
(69, '27900953', 'ELADIO', 'TELLO', 'CHUPE', NULL, NULL, '', NULL, NULL, '1', NULL, NULL),
(70, '27904857', 'JOSE HIPOLITO', 'COTRINA', 'HONORIO', NULL, NULL, '', NULL, NULL, '1', NULL, NULL),
(71, '42246765', 'GEISER SOLANO', 'VARGAS', 'CORONEL', NULL, NULL, '', NULL, NULL, '1', NULL, NULL),
(72, '27905157', 'LORENZO MERCEDES', 'ROJAS', 'PAREDES', NULL, NULL, '', NULL, NULL, '1', NULL, NULL),
(73, '27902265', 'ANDRES', 'ESPINOZA', 'CERNA', NULL, NULL, '', NULL, NULL, '1', NULL, NULL),
(74, '40369535', 'YESSICA MARISELA', 'MONTOYA', 'MUÑOZ', NULL, NULL, '', NULL, NULL, '1', NULL, NULL),
(75, '26704326', 'SOLEDAD', 'MONTOYA', 'MUÑOZ', NULL, NULL, '', NULL, NULL, '1', NULL, NULL),
(76, '27930570', 'JACINTO', 'VEGA', 'IZQUIERDO', NULL, NULL, '', NULL, NULL, '1', NULL, NULL),
(77, '80029892', 'MARIA FRANCISCA', 'ABANTO', 'BAUTISTA', NULL, NULL, '', NULL, NULL, '1', NULL, NULL),
(78, '45272660', 'MARIA GLORIOSA', 'MEDINA', 'JARA', NULL, NULL, '', NULL, NULL, '1', NULL, NULL),
(79, '27923988', 'MARIA ANDREA', 'MACHUCA', 'JIMENEZ', NULL, NULL, '', NULL, NULL, '1', NULL, NULL),
(80, '46636247', 'DALIA RUBI', 'SARMIENTO', 'MACHUCA', NULL, NULL, '', NULL, NULL, '1', NULL, NULL),
(81, '27904121', 'JUSTINA', 'VARGAS', 'TERRONES', NULL, NULL, '', NULL, NULL, '1', NULL, NULL),
(82, '48768630', 'MARILU', 'TORRES', 'ARANA', NULL, NULL, '', NULL, NULL, '1', NULL, NULL),
(83, '27903118', 'CLEMENTE', 'CALDERON', 'IZQUIERDO', NULL, NULL, '', NULL, NULL, '1', NULL, NULL),
(84, '27930459', 'JUAN CARLOS', 'JARA', 'MORALES', NULL, NULL, '', NULL, NULL, '1', NULL, NULL),
(85, '45257828', 'MARIA FELIPA', 'MACHUCA', 'SANCHEZ', NULL, NULL, '', NULL, NULL, '1', NULL, NULL),
(86, '27916044', 'JOSE MAGNO', 'MACHUCA', 'RUIZ', NULL, NULL, '', NULL, NULL, '1', NULL, NULL),
(87, '27905275', 'ASUNCIÓN ELVIRA', 'FLORES', 'CENTURION', NULL, NULL, '', NULL, NULL, '1', NULL, NULL),
(88, '27916223', 'ALEJANDRO ABUNDIO', 'ABANTO', 'CERNA', NULL, NULL, '', NULL, NULL, '1', NULL, NULL),
(89, '40756469', 'TANIA MARGOT', 'VELASQUEZ', 'MEDINA', NULL, NULL, '', NULL, NULL, '1', NULL, NULL),
(90, '40556944', 'PERSHING BERSAEL', 'MANTILLA', 'CALDERON', NULL, NULL, '', NULL, NULL, '1', NULL, NULL),
(91, '47671932', 'JOSE RETILANO', 'VARGAS', 'CORONEL', NULL, NULL, '', NULL, NULL, '1', NULL, NULL),
(92, '72941394', 'LEYDI', 'ROJAS', 'ALCALDE', NULL, NULL, '', NULL, NULL, '1', NULL, NULL),
(93, '27929199', 'SANTOS SOCORRO', 'ALCALDE', 'ABANTO', NULL, NULL, '', NULL, NULL, '1', NULL, NULL),
(94, '27902701', 'MARIA NICOLAZA', 'LEZMA', 'COTRINA', NULL, NULL, '', NULL, NULL, '1', NULL, NULL),
(95, '27917033', 'JUANA', 'PAREDES', 'BRIONES', NULL, NULL, '', NULL, NULL, '1', NULL, NULL),
(96, '27930199', 'JOSE ANGEL', 'ALARCON', 'ROJAS', NULL, NULL, '', NULL, NULL, '1', NULL, NULL),
(97, '44358748', 'MANUEL HERNANDO', 'BURGOS', 'LEYVA', NULL, NULL, '', NULL, NULL, '1', NULL, NULL),
(98, '27917086', 'CRUZ DEL CARMEN', 'YUPANQUI', 'COTRINA', NULL, NULL, '', NULL, NULL, '1', NULL, NULL),
(99, '27917066', 'WILFREDO', 'CASTAÑEDA', 'ROJAS', NULL, NULL, '', NULL, NULL, '1', NULL, NULL),
(100, '44031023', 'SANTOS EDIS', 'GONZALES', 'VALERA', NULL, NULL, '', NULL, NULL, '1', NULL, NULL),
(101, '43213832', 'ERLITH YARDENY', 'TAPIA', 'MALAVER', NULL, NULL, '', NULL, NULL, '1', NULL, NULL),
(102, '70523082', 'ANALY', 'MELENDEZ', 'MACHUCA', NULL, NULL, '', NULL, NULL, '1', NULL, NULL),
(103, '27914971', 'MARCELINA  BENIGNA', 'MENDOZA', 'PAREDES', NULL, NULL, '', NULL, NULL, '1', NULL, NULL),
(104, '72042291', 'YULY', 'ROJAS', 'ALCALDE', NULL, NULL, '', NULL, NULL, '1', NULL, NULL),
(105, '27901900', 'TEONILA', 'SANCHEZ', 'GARRO', NULL, NULL, '', NULL, NULL, '1', NULL, NULL),
(106, '44896104', 'MIRIAN', 'ABANTO', 'MACHUCA', NULL, NULL, '', NULL, NULL, '1', NULL, NULL),
(107, '70408061', 'DIANA MARITZA', 'PAREDES', 'SANCHEZ', NULL, NULL, '', NULL, NULL, '1', NULL, NULL),
(108, '42484178', 'LUZ MARIBEL', 'BRAVO', 'SANCHEZ', NULL, NULL, '', NULL, NULL, '1', NULL, NULL),
(109, '46514971', 'KARINA NOEMI', 'MALCA', 'QUIROZ', NULL, NULL, '', NULL, NULL, '1', NULL, NULL),
(110, '27928010', 'MARIA BALVINA', 'CABRERA', 'ROMERO', NULL, NULL, '', NULL, NULL, '1', NULL, NULL),
(111, '19244355', 'JUAN', 'MACHUCA', 'CABRERA', NULL, NULL, '', NULL, NULL, '1', NULL, NULL),
(112, '27905636', 'ROSA JUSTINA', 'LEIVA', 'DE PERALTA', NULL, NULL, '', NULL, NULL, '1', NULL, NULL),
(113, '48206054', 'DEYSI DIANA', 'CALDERON', 'GARCIA', NULL, NULL, '', NULL, NULL, '1', NULL, NULL),
(114, '27905266', 'CONCEPCION', 'MORALES', 'VECORENA', NULL, NULL, '', NULL, NULL, '1', NULL, NULL),
(115, '44366079', 'JHENY LILIANA', 'BURGOS', 'LEYVA', NULL, NULL, '', NULL, NULL, '1', NULL, NULL),
(116, '27916320', 'MARIA BENIGNA', 'RAMOS', 'QUIROZ', NULL, NULL, '', NULL, NULL, '1', NULL, NULL),
(117, '47611238', 'JULIA', 'SANCHEZ', 'ABANTO', NULL, NULL, '', NULL, NULL, '1', NULL, NULL),
(118, '41393361', 'ELMER', 'ABANTO', 'MACHUCA', NULL, NULL, '', NULL, NULL, '1', NULL, NULL);

-- --------------------------------------------------------

--
-- Estructura de tabla para la tabla `porciones`
--

CREATE TABLE `porciones` (
  `idporcion` int(11) NOT NULL,
  `id` int(10) UNSIGNED NOT NULL,
  `idusuario` int(10) UNSIGNED NOT NULL,
  `fechapago` date NOT NULL,
  `fechacancelacion` datetime NOT NULL,
  `monto` decimal(7,2) NOT NULL,
  `otroscostos` decimal(7,2) DEFAULT NULL,
  `descripcion` varchar(120) COLLATE utf8mb4_unicode_ci DEFAULT NULL,
  `estado` char(1) COLLATE utf8mb4_unicode_ci NOT NULL,
  `created_at` timestamp NULL DEFAULT NULL,
  `updated_at` timestamp NULL DEFAULT NULL
) ENGINE=InnoDB DEFAULT CHARSET=utf8mb4 COLLATE=utf8mb4_unicode_ci;

-- --------------------------------------------------------

--
-- Estructura de tabla para la tabla `roles`
--

CREATE TABLE `roles` (
  `id` int(10) UNSIGNED NOT NULL,
  `nombre` varchar(30) COLLATE utf8mb4_unicode_ci NOT NULL,
  `descripcion` varchar(100) COLLATE utf8mb4_unicode_ci DEFAULT NULL,
  `condicion` tinyint(1) NOT NULL DEFAULT 1 COMMENT '1 activo / 0inactivo'
) ENGINE=InnoDB DEFAULT CHARSET=utf8mb4 COLLATE=utf8mb4_unicode_ci;

--
-- Volcado de datos para la tabla `roles`
--

INSERT INTO `roles` (`id`, `nombre`, `descripcion`, `condicion`) VALUES
(1, 'Administrador', 'Control total del sistema', 1),
(2, 'Cajero', 'Cobro de Cuotas', 1),
(3, 'Analista', 'Configuración de Créditos, crear un nuevo crédito', 1);

-- --------------------------------------------------------

--
-- Estructura de tabla para la tabla `users`
--

CREATE TABLE `users` (
  `id` int(10) UNSIGNED NOT NULL,
  `usuario` varchar(191) COLLATE utf8mb4_unicode_ci NOT NULL,
  `password` varchar(191) COLLATE utf8mb4_unicode_ci NOT NULL,
  `condicion` tinyint(1) NOT NULL DEFAULT 1 COMMENT '1 activo / 0inactivo',
  `idrol` int(10) UNSIGNED NOT NULL,
  `remember_token` varchar(100) COLLATE utf8mb4_unicode_ci DEFAULT NULL
) ENGINE=InnoDB DEFAULT CHARSET=utf8mb4 COLLATE=utf8mb4_unicode_ci;

--
-- Volcado de datos para la tabla `users`
--

INSERT INTO `users` (`id`, `usuario`, `password`, `condicion`, `idrol`, `remember_token`) VALUES
(1, 'admin', '$2y$10$fSfxHP3tpDo4bgKjJySUgulJrssDYf6iUR151wKPeceL5ioG4naZ2', 1, 1, NULL),
(45, 'BRAVO45', '$2y$10$FzU7M/vfTxoEzc4mdz45E.hUERYqTtt2ltdXqbtQBgn9/teXet5U2', 1, 1, NULL);

--
-- Índices para tablas volcadas
--

--
-- Indices de la tabla `clientes`
--
ALTER TABLE `clientes`
  ADD KEY `clientes_id_foreign` (`id`);

--
-- Indices de la tabla `creditos`
--
ALTER TABLE `creditos`
  ADD PRIMARY KEY (`id`),
  ADD UNIQUE KEY `numeroprestamo` (`numeroprestamo`),
  ADD UNIQUE KEY `idkiva` (`idkiva`),
  ADD KEY `creditos_idcliente_foreign` (`idcliente`),
  ADD KEY `creditos_idusuario_foreign` (`idusuario`);

--
-- Indices de la tabla `creditos_bitacora`
--
ALTER TABLE `creditos_bitacora`
  ADD PRIMARY KEY (`id`),
  ADD KEY `idcredito` (`idcredito`);

--
-- Indices de la tabla `cuotas`
--
ALTER TABLE `cuotas`
  ADD PRIMARY KEY (`id`),
  ADD KEY `cuotas_idusuario_foreign` (`idusuario`),
  ADD KEY `cuotas_idcredito_foreign` (`idcredito`);

--
-- Indices de la tabla `empresas`
--
ALTER TABLE `empresas`
  ADD PRIMARY KEY (`id`);

--
-- Indices de la tabla `migrations`
--
ALTER TABLE `migrations`
  ADD PRIMARY KEY (`id`);

--
-- Indices de la tabla `notifications`
--
ALTER TABLE `notifications`
  ADD PRIMARY KEY (`id`),
  ADD KEY `notifications_notifiable_type_notifiable_id_index` (`notifiable_type`,`notifiable_id`);

--
-- Indices de la tabla `password_resets`
--
ALTER TABLE `password_resets`
  ADD KEY `password_resets_email_index` (`email`);

--
-- Indices de la tabla `personas`
--
ALTER TABLE `personas`
  ADD PRIMARY KEY (`id`),
  ADD UNIQUE KEY `personas_dni_unique` (`dni`);

--
-- Indices de la tabla `porciones`
--
ALTER TABLE `porciones`
  ADD PRIMARY KEY (`idporcion`),
  ADD KEY `porciones_id_foreign` (`id`),
  ADD KEY `porciones_idusuario_foreign` (`idusuario`);

--
-- Indices de la tabla `roles`
--
ALTER TABLE `roles`
  ADD PRIMARY KEY (`id`),
  ADD UNIQUE KEY `roles_nombre_unique` (`nombre`);

--
-- Indices de la tabla `users`
--
ALTER TABLE `users`
  ADD UNIQUE KEY `users_usuario_unique` (`usuario`),
  ADD KEY `users_id_foreign` (`id`),
  ADD KEY `users_idrol_foreign` (`idrol`);

--
-- AUTO_INCREMENT de las tablas volcadas
--

--
-- AUTO_INCREMENT de la tabla `creditos`
--
ALTER TABLE `creditos`
  MODIFY `id` int(10) UNSIGNED NOT NULL AUTO_INCREMENT, AUTO_INCREMENT=177;

--
-- AUTO_INCREMENT de la tabla `creditos_bitacora`
--
ALTER TABLE `creditos_bitacora`
  MODIFY `id` int(10) UNSIGNED NOT NULL AUTO_INCREMENT, AUTO_INCREMENT=505;

--
-- AUTO_INCREMENT de la tabla `cuotas`
--
ALTER TABLE `cuotas`
  MODIFY `id` int(10) UNSIGNED NOT NULL AUTO_INCREMENT, AUTO_INCREMENT=341;

--
-- AUTO_INCREMENT de la tabla `empresas`
--
ALTER TABLE `empresas`
  MODIFY `id` int(11) NOT NULL AUTO_INCREMENT, AUTO_INCREMENT=2;

--
-- AUTO_INCREMENT de la tabla `migrations`
--
ALTER TABLE `migrations`
  MODIFY `id` int(10) UNSIGNED NOT NULL AUTO_INCREMENT;

--
-- AUTO_INCREMENT de la tabla `personas`
--
ALTER TABLE `personas`
  MODIFY `id` int(10) UNSIGNED NOT NULL AUTO_INCREMENT, AUTO_INCREMENT=119;

--
-- AUTO_INCREMENT de la tabla `porciones`
--
ALTER TABLE `porciones`
  MODIFY `idporcion` int(11) NOT NULL AUTO_INCREMENT;

--
-- AUTO_INCREMENT de la tabla `roles`
--
ALTER TABLE `roles`
  MODIFY `id` int(10) UNSIGNED NOT NULL AUTO_INCREMENT, AUTO_INCREMENT=4;

--
-- Restricciones para tablas volcadas
--

--
-- Filtros para la tabla `clientes`
--
ALTER TABLE `clientes`
  ADD CONSTRAINT `clientes_id_foreign` FOREIGN KEY (`id`) REFERENCES `personas` (`id`) ON DELETE CASCADE;

--
-- Filtros para la tabla `creditos`
--
ALTER TABLE `creditos`
  ADD CONSTRAINT `creditos_idcliente_foreign` FOREIGN KEY (`idcliente`) REFERENCES `clientes` (`id`) ON DELETE CASCADE,
  ADD CONSTRAINT `creditos_idusuario_foreign` FOREIGN KEY (`idusuario`) REFERENCES `users` (`id`) ON DELETE CASCADE;

--
-- Filtros para la tabla `creditos_bitacora`
--
ALTER TABLE `creditos_bitacora`
  ADD CONSTRAINT `creditos_bitacora_ibfk_1` FOREIGN KEY (`idcredito`) REFERENCES `creditos` (`id`);

--
-- Filtros para la tabla `cuotas`
--
ALTER TABLE `cuotas`
  ADD CONSTRAINT `cuotas_idcredito_foreign` FOREIGN KEY (`idcredito`) REFERENCES `creditos` (`id`) ON DELETE CASCADE,
  ADD CONSTRAINT `cuotas_idusuario_foreign` FOREIGN KEY (`idusuario`) REFERENCES `users` (`id`);

--
-- Filtros para la tabla `porciones`
--
ALTER TABLE `porciones`
  ADD CONSTRAINT `porciones_id_foreign` FOREIGN KEY (`id`) REFERENCES `cuotas` (`id`) ON DELETE CASCADE,
  ADD CONSTRAINT `porciones_idusuario_foreign` FOREIGN KEY (`idusuario`) REFERENCES `users` (`id`);

--
-- Filtros para la tabla `users`
--
ALTER TABLE `users`
  ADD CONSTRAINT `users_id_foreign` FOREIGN KEY (`id`) REFERENCES `personas` (`id`) ON DELETE CASCADE,
  ADD CONSTRAINT `users_idrol_foreign` FOREIGN KEY (`idrol`) REFERENCES `roles` (`id`) ON DELETE CASCADE;
COMMIT;

/*!40101 SET CHARACTER_SET_CLIENT=@OLD_CHARACTER_SET_CLIENT */;
/*!40101 SET CHARACTER_SET_RESULTS=@OLD_CHARACTER_SET_RESULTS */;
/*!40101 SET COLLATION_CONNECTION=@OLD_COLLATION_CONNECTION */;
